timestamp,type,close,average20,average40,shares,amount
Thu Jun 02 2022 11:45,BUYZERO,3699,3693.6925,3685.6912500000008,1,-3699
Wed Jun 01 2022 10:00,SELL,3744.4,3748.37,3725.861250000001,0,45.40000000000009
Wed Jun 01 2022 09:30,BUYZERO,3798,3754.2349999999997,3730.31,1,-3752.6
Tue May 31 2022 09:15,SELL,3917,3919.04,3855.1187500000005,0,164.4000000000001
Mon May 30 2022 12:15,BUYZERO,3898.8,3895.1575000000003,3892.7475,1,-3734.4
Mon May 30 2022 12:00,SELL,3888.05,3892.265000000001,3894.9987499999997,0,153.6500000000001
Mon May 30 2022 10:00,SELLZERO,3883.65,3885.4275000000002,3901.4525000000003,-1,4037.3
Mon May 30 2022 09:45,BUY,3887.05,3886.3650000000002,3901.9224999999997,0,150.25
Mon May 30 2022 09:15,SELLZERO,3864.8,3887.2275,3901.9237499999995,-1,4015.05
Fri May 27 2022 10:15,BUY,3860.4,3836.7300000000005,3861.087499999999,0,154.6500000000001
Fri May 27 2022 10:00,SELLZERO,3832.95,3836.875,3859.9674999999997,-1,3987.6
Fri May 27 2022 09:45,BUY,3860,3838.1349999999998,3859.6475,0,127.59999999999991
Thu May 26 2022 14:30,SELLZERO,3841,3842.8075,3853.9199999999996,-1,3968.6
Thu May 26 2022 09:30,BUY,3787.65,3785.7399999999993,3814.2737499999994,0,180.94999999999982
Thu May 26 2022 09:15,SELLZERO,3780.5,3783.5149999999994,3812.8887499999996,-1,3961.45
Wed May 25 2022 15:15,BUY,3791.8,3783.1400000000003,3811.8087499999992,0,169.64999999999964
Wed May 25 2022 13:30,SELLZERO,3772.1,3779.415,3803.840000000001,-1,3941.7499999999995
Wed May 25 2022 13:00,BUY,3789.95,3780.425,3801.3225000000007,0,151.79999999999973
Wed May 25 2022 12:30,SELLZERO,3770.95,3782.2874999999995,3797.8350000000014,-1,3922.7499999999995
Wed May 25 2022 09:15,BUY,3789.5,3774.6875,3776.930000000001,0,133.24999999999955
Tue May 24 2022 12:30,BUYZERO,3797.75,3784.5924999999997,3783.8025000000002,1,-3664.5000000000005
Mon May 23 2022 15:15,SELL,3786.15,3806.7974999999997,3791.6950000000006,0,121.64999999999964
Mon May 23 2022 14:45,BUYZERO,3812.1,3806.7475000000004,3793.218749999999,1,-3690.4500000000003
Mon May 23 2022 13:00,SELL,3809.8,3812.2625,3800.62625,0,119.34999999999991
Mon May 23 2022 12:45,BUYZERO,3816.2,3812.5725000000007,3802.04375,1,-3696.85
Fri May 20 2022 15:15,SELL,3787.8,3826.085,3817.38125,0,90.95000000000027
Fri May 20 2022 13:30,SELLZERO,3783.25,3811.6674999999996,3813.131250000001,-1,3874.2000000000003
Fri May 20 2022 12:30,BUY,3815,3806.1424999999995,3811.5162500000006,0,59.20000000000027
Fri May 20 2022 12:00,SELLZERO,3796.35,3803.8075000000003,3810.3900000000003,-1,3855.55
Fri May 20 2022 11:45,BUY,3807,3801.9225000000006,3810.08125,0,48.55000000000018
Fri May 20 2022 09:15,SELLZERO,3806.95,3809.999999999999,3814.315,-1,3855.5
Thu May 19 2022 12:00,BUY,3749.35,3749.1,3774.1812500000005,0,106.15000000000009
Wed May 18 2022 14:00,BUYZERO,3800.55,3767.6700000000005,3764.6174999999994,1,-3694.4
Wed May 18 2022 10:00,SELL,3800,3806.7475000000004,3779.00625,0,105.59999999999991
Tue May 17 2022 13:15,SELLZERO,3773.6,3785.8225000000007,3786.4950000000003,-1,3879.2
Tue May 17 2022 11:30,BUY,3770.25,3769.0850000000005,3787.78625,0,108.94999999999982
Tue May 17 2022 11:00,SELLZERO,3761.15,3766.8574999999996,3785.976250000001,-1,3870.1
Tue May 17 2022 10:45,BUY,3781.35,3767.225,3785.3962500000007,0,88.75
Tue May 17 2022 10:15,SELLZERO,3761.8,3768.6275,3783.5800000000004,-1,3850.55
Mon May 16 2022 11:00,BUY,3717.65,3717.359999999999,3743.2562499999995,0,132.9000000000001
Mon May 16 2022 10:45,SELLZERO,3711,3715.409999999999,3742.09125,-1,3843.9
Fri May 13 2022 13:30,BUY,3691.15,3689.7549999999997,3710.3112499999997,0,152.75
Fri May 13 2022 13:15,SELLZERO,3684.2,3688.4299999999994,3707.882499999999,-1,3836.95
Fri May 13 2022 13:00,BUY,3699.95,3688.275,3706.0074999999997,0,137
Fri May 13 2022 10:15,SELLZERO,3678.05,3687.3075,3695.7912499999998,-1,3815.05
Thu May 12 2022 10:45,BUY,3580.85,3580.0824999999995,3634.0875,0,234.20000000000027
Thu May 12 2022 10:30,SELLZERO,3577.25,3577.625,3631.59125,-1,3811.4500000000003
Thu May 12 2022 09:15,BUY,3593.35,3575.63,3617.1712499999994,0,218.10000000000036
Wed May 11 2022 13:30,SELLZERO,3567.45,3587.7375,3598.260000000001,-1,3785.55
Wed May 11 2022 09:45,BUY,3581.2,3574.8650000000002,3579.3537499999998,0,204.35000000000036
Tue May 10 2022 13:15,BUYZERO,3608,3584.340000000001,3583.638749999999,1,-3403.6499999999996
Tue May 10 2022 10:00,SELL,3620,3620.265000000001,3595.5225,0,216.35000000000036
Tue May 10 2022 09:15,BUYZERO,3624,3623.915,3599.8824999999997,1,-3407.6499999999996
Mon May 09 2022 15:15,SELL,3568.75,3622.1949999999997,3600.33875,0,161.10000000000036
Mon May 09 2022 13:15,SELLZERO,3546.9,3597.4824999999996,3598.6612499999997,-1,3708.0000000000005
Fri May 06 2022 12:45,BUY,3526.5,3516.3725,3543.4887500000004,0,181.50000000000045
Fri May 06 2022 11:45,SELLZERO,3504.7,3512.397499999999,3534.006250000001,-1,3686.2000000000003
Fri May 06 2022 11:30,BUY,3523.7,3511.3324999999995,3532.880000000002,0,162.50000000000045
Fri May 06 2022 11:15,SELLZERO,3505.05,3510.0800000000004,3531.2575000000006,-1,3667.5500000000006
Fri May 06 2022 10:45,BUY,3516.45,3509.3625,3528.325,0,151.10000000000082
Fri May 06 2022 10:15,SELLZERO,3506.35,3510.5175000000004,3526.3650000000002,-1,3657.4500000000007
Fri May 06 2022 09:30,BUY,3512,3510.472499999999,3522.3375,0,145.45000000000073
Fri May 06 2022 09:15,SELLZERO,3465.05,3508.725,3520.09125,-1,3610.500000000001
Thu May 05 2022 15:15,BUY,3523.9,3509.8599999999997,3519.15375,0,86.60000000000082
Thu May 05 2022 13:15,BUYZERO,3558.2,3516.0999999999995,3515.20625,1,-3471.599999999999
Thu May 05 2022 09:15,SELL,3549.75,3560.9100000000008,3537.591249999999,0,78.150000000001
Wed May 04 2022 13:15,BUYZERO,3547.2,3544.6399999999994,3535.9462499999995,1,-3469.049999999999
Wed May 04 2022 12:30,SELL,3538.45,3540.6099999999997,3538.8062500000005,0,69.400000000001
Wed May 04 2022 09:30,BUYZERO,3592.35,3554.5075000000006,3553.6125,1,-3522.949999999999
Fri Apr 29 2022 09:15,SELL,3787.65,3799.2399999999993,3733.69625,0,264.7000000000012
Thu Apr 28 2022 15:15,BUYZERO,3834.4,3802.837499999999,3738.995,1,-3569.699999999999
Thu Apr 28 2022 10:00,SELL,3819,3846.3175,3826.24875,0,249.3000000000011
Thu Apr 28 2022 09:15,BUYZERO,3845.95,3845.8950000000004,3830.8287500000015,1,-3596.6499999999987
Wed Apr 27 2022 12:00,SELL,3878.45,3879.144999999999,3859.8662500000005,0,281.8000000000011
Wed Apr 27 2022 11:45,BUYZERO,3881.4,3878.6899999999987,3862.2100000000005,1,-3599.599999999999
Wed Apr 27 2022 10:45,SELL,3889.95,3891.5474999999997,3868.5487499999995,0,290.3500000000008
Tue Apr 26 2022 15:15,BUYZERO,3892.1,3883.842500000001,3873.5137499999983,1,-3601.749999999999
Tue Apr 26 2022 14:45,SELL,3870,3882.1450000000004,3874.99375,0,268.2500000000009
Tue Apr 26 2022 13:45,SELLZERO,3832.6,3873.1375000000007,3874.6737499999995,-1,4100.85
Mon Apr 25 2022 10:45,BUY,3695,3680.4900000000002,3750.40625,0,405.85000000000036
Fri Apr 22 2022 15:15,SELLZERO,3642.5,3679.8324999999995,3726.7400000000002,-1,4048.3500000000004
Fri Apr 22 2022 12:15,BUY,3671.25,3670.4950000000013,3677.90125,0,377.10000000000036
Fri Apr 22 2022 10:00,SELLZERO,3656.95,3662.6924999999997,3670.2975000000006,-1,4034.05
Thu Apr 21 2022 15:15,BUY,3702.35,3666.0925,3669.9200000000005,0,331.7000000000003
Thu Apr 21 2022 14:15,BUYZERO,3723.55,3675.2225,3674.0150000000003,1,-3391.85
Thu Apr 21 2022 10:45,SELL,3706,3710.8275000000003,3687.2475000000004,0,314.1500000000001
Wed Apr 20 2022 15:15,BUYZERO,3720.75,3710.4824999999996,3694.4900000000002,1,-3406.6
Wed Apr 20 2022 14:45,SELL,3699.85,3710.2275,3696.9262500000013,0,293.25
Wed Apr 20 2022 13:15,BUYZERO,3704.8,3704.1175000000003,3700.9025,1,-3411.55
Wed Apr 20 2022 12:15,SELL,3695,3702.79,3705.377500000001,0,283.4499999999998
Wed Apr 20 2022 12:00,SELLZERO,3687.7,3701.875000000001,3706.3512500000006,-1,3971.1499999999996
Wed Apr 20 2022 10:00,BUY,3700,3694.6,3702.9800000000005,0,271.14999999999964
Wed Apr 20 2022 09:30,SELLZERO,3692.95,3694.5049999999997,3701.7962500000003,-1,3964.0999999999995
Wed Apr 20 2022 09:15,BUY,3705.6,3694.9174999999996,3701.28375,0,258.49999999999955
Tue Apr 19 2022 15:15,SELLZERO,3657.15,3692.5800000000004,3699.7262500000006,-1,3915.6499999999996
Tue Apr 19 2022 14:30,BUY,3711.5,3690.185,3697.1512500000003,0,204.14999999999964
Tue Apr 19 2022 12:30,BUYZERO,3713.2,3699.3674999999994,3699.186250000001,1,-3509.05
Mon Apr 18 2022 15:15,SELL,3714.6,3727.0175000000004,3708.8950000000004,0,205.54999999999973
Mon Apr 18 2022 12:00,BUYZERO,3721.55,3721.3799999999997,3716.5525000000002,1,-3516.0000000000005
Mon Apr 18 2022 11:45,SELL,3713.5,3720.665,3716.75,0,197.49999999999955
Wed Apr 13 2022 15:15,SELLZERO,3697.3,3717.2300000000005,3721.569999999999,-1,3894.7999999999997
Wed Apr 13 2022 11:15,BUY,3696,3691.2925000000005,3703.4112499999987,0,198.79999999999973
Tue Apr 12 2022 14:15,BUYZERO,3709.85,3705.8700000000013,3705.2037499999997,1,-3511.05
Tue Apr 12 2022 14:00,SELL,3699.95,3706.892500000001,3704.752500000001,0,188.89999999999964
Tue Apr 12 2022 12:45,BUYZERO,3718.3,3711.1125000000006,3701.937499999999,1,-3529.4000000000005
Tue Apr 12 2022 12:30,SELL,3710.15,3711.8199999999997,3701.55625,0,180.74999999999955
Tue Apr 12 2022 12:15,BUYZERO,3719,3712.4924999999994,3701.4837499999994,1,-3538.2500000000005
Mon Apr 11 2022 10:45,SELL,3789.8,3792.1174999999994,3753.6349999999998,0,251.54999999999973
Mon Apr 11 2022 09:15,BUYZERO,3796,3790.8900000000003,3766.5425000000005,1,-3544.4500000000003
Fri Apr 08 2022 13:15,SELL,3783.75,3791.8075,3784.41875,0,239.29999999999973
Fri Apr 08 2022 11:45,SELLZERO,3786.1,3790.9700000000003,3791.7174999999997,-1,4025.3999999999996
Fri Apr 08 2022 10:15,BUY,3793.95,3788.3825000000006,3790.0700000000006,0,231.44999999999982
Thu Apr 07 2022 14:15,SELLZERO,3785,3789.37,3790.5075000000006,-1,4016.45
Thu Apr 07 2022 13:45,BUY,3789.95,3789.5674999999997,3790.3200000000006,0,226.5
Thu Apr 07 2022 13:30,SELLZERO,3774.45,3788.8875,3789.7437500000005,-1,4000.95
Thu Apr 07 2022 13:00,BUY,3789.4,3788.5049999999997,3789.7375000000015,0,211.54999999999973
Thu Apr 07 2022 12:45,SELLZERO,3788.25,3788.9899999999993,3789.940000000001,-1,3999.7999999999997
Thu Apr 07 2022 12:30,BUY,3802.9,3790.5325,3790.623750000001,0,196.89999999999964
Thu Apr 07 2022 12:15,BUYZERO,3799.95,3791.919999999999,3791.0700000000006,1,-3603.05
Thu Apr 07 2022 11:30,SELL,3785.9,3793.409999999999,3790.8962500000002,0,182.8499999999999
Thu Apr 07 2022 10:30,BUYZERO,3804.15,3792.2349999999997,3790.4375,1,-3621.3
Thu Apr 07 2022 09:45,SELL,3787.05,3791.8650000000002,3790.5187499999984,0,165.75
Wed Apr 06 2022 15:15,BUYZERO,3801.8,3792.1975000000007,3790.7524999999987,1,-3636.05
Wed Apr 06 2022 14:45,SELL,3789.95,3793.6225,3791.2549999999997,0,153.89999999999964
Wed Apr 06 2022 14:30,BUYZERO,3797.65,3794.4500000000007,3791.3949999999995,1,-3643.7500000000005
Wed Apr 06 2022 14:15,SELL,3782.75,3794.1175000000003,3791.3112499999997,0,138.99999999999955
Wed Apr 06 2022 13:30,SELLZERO,3773.9,3790.2650000000003,3791.0924999999997,-1,3912.8999999999996
Wed Apr 06 2022 09:15,BUY,3769,3768.38,3781.2487499999997,0,143.89999999999964
Tue Apr 05 2022 13:00,BUYZERO,3803.5,3785.412500000001,3784.5999999999985,1,-3659.6000000000004
Tue Apr 05 2022 11:00,SELL,3794,3798.7875,3785.11875,0,134.39999999999964
Tue Apr 05 2022 09:15,BUYZERO,3799.3,3798.3050000000003,3788.2049999999995,1,-3664.9000000000005
Mon Apr 04 2022 15:15,SELL,3763.65,3796.0299999999997,3788.1712500000003,0,98.74999999999955
Mon Apr 04 2022 14:00,SELLZERO,3750.15,3785.6825,3785.7625,-1,3848.8999999999996
Mon Apr 04 2022 11:00,BUY,3765.75,3758.6075000000005,3779.1524999999992,0,83.14999999999964
Mon Apr 04 2022 10:30,SELLZERO,3750.5,3754.9375,3776.62125,-1,3833.6499999999996
Thu Mar 31 2022 12:15,BUY,3677,3673.530000000001,3693.44375,0,156.64999999999964
Thu Mar 31 2022 09:15,SELLZERO,3672.35,3673.6075000000005,3680.2062500000006,-1,3828.9999999999995
Wed Mar 30 2022 14:45,BUY,3678.95,3675.4574999999995,3677.942500000001,0,150.04999999999973
Wed Mar 30 2022 14:15,BUYZERO,3685.2,3677.3475000000008,3677.211250000001,1,-3535.15
Tue Mar 29 2022 15:15,SELL,3689.1,3704.2175,3691.1387499999996,0,153.94999999999982
Tue Mar 29 2022 12:15,SELLZERO,3671.2,3690.5625,3691.053749999999,-1,3825.1499999999996
Tue Mar 29 2022 11:45,BUY,3689.65,3687.7525,3691.40375,0,135.49999999999955
Mon Mar 28 2022 15:15,SELLZERO,3687.75,3697.8425,3699.5449999999996,-1,3823.2499999999995
Mon Mar 28 2022 10:45,BUY,3700.15,3697.562499999999,3696.2774999999992,0,123.09999999999945
Mon Mar 28 2022 10:30,BUYZERO,3711,3697.3324999999995,3697.2987499999995,1,-3587.9000000000005
Mon Mar 28 2022 09:15,SELL,3701.7,3702.4950000000003,3702.1212499999992,0,113.79999999999927
Fri Mar 25 2022 15:15,SELLZERO,3654.35,3700.2950000000005,3701.6299999999997,-1,3768.149999999999
Thu Mar 24 2022 12:30,BUY,3611.9,3610.8125,3634.3524999999995,0,156.2499999999991
Thu Mar 24 2022 12:15,SELLZERO,3602.25,3608.3050000000003,3631.3012499999995,-1,3758.499999999999
Thu Mar 24 2022 12:00,BUY,3610.05,3606.6325000000006,3628.282499999999,0,148.4499999999989
Wed Mar 23 2022 15:15,SELLZERO,3601.5,3610.0049999999997,3617.7512500000003,-1,3749.949999999999
Wed Mar 23 2022 12:45,BUY,3612.35,3610.527500000001,3607.755,0,137.599999999999
Wed Mar 23 2022 12:30,BUYZERO,3620.55,3610.5825000000004,3607.43125,1,-3482.950000000001
Wed Mar 23 2022 10:30,SELL,3600,3613.8425,3611.5875,0,117.04999999999882
Wed Mar 23 2022 09:45,BUYZERO,3628.45,3615.535,3613.1925,1,-3511.400000000001
Tue Mar 22 2022 13:00,SELL,3627,3634.825,3623.7599999999993,0,115.599999999999
Tue Mar 22 2022 10:30,SELLZERO,3594.3,3615.3575000000005,3617.5337499999996,-1,3709.899999999999
Mon Mar 21 2022 14:45,BUY,3596.35,3593.9550000000004,3614.035,0,113.54999999999927
Mon Mar 21 2022 12:00,BUYZERO,3666,3620.905,3619.62125,1,-3552.4500000000007
Thu Mar 17 2022 15:15,SELL,3650.45,3670.4024999999992,3632.167500000001,0,97.99999999999909
Thu Mar 17 2022 11:00,SELLZERO,3642.5,3656.2325000000005,3658.1575000000003,-1,3740.499999999999
Tue Mar 15 2022 12:15,BUY,3470.15,3467.085,3502.8625,0,270.349999999999
Mon Mar 14 2022 15:15,SELLZERO,3454.45,3467.4975000000004,3479.5412499999998,-1,3724.799999999999
Mon Mar 14 2022 09:15,BUY,3395,3393.025,3430.7725,0,329.7999999999988
Fri Mar 11 2022 11:45,BUYZERO,3412,3410.6425000000004,3410.2225,1,-3082.200000000001
Fri Mar 11 2022 10:30,SELL,3417.85,3420.4224999999997,3406.72375,0,335.6499999999987
Fri Mar 11 2022 10:00,BUYZERO,3428.6,3420.685,3407.937500000001,1,-3092.950000000001
Thu Mar 10 2022 15:15,SELL,3422.35,3423.2125,3411.3350000000005,0,329.3999999999987
Thu Mar 10 2022 15:00,BUYZERO,3425.7,3423.5549999999994,3412.1575000000003,1,-3096.300000000001
Thu Mar 10 2022 14:45,SELL,3415.05,3423.4549999999995,3412.7937500000007,0,318.7499999999991
Thu Mar 10 2022 14:30,BUYZERO,3428.65,3423.6374999999994,3413.8849999999998,1,-3109.900000000001
Thu Mar 10 2022 14:15,SELL,3413.7,3423.2400000000002,3414.4350000000004,0,303.7999999999988
Thu Mar 10 2022 12:00,SELLZERO,3415.1,3418.309999999999,3418.7950000000005,-1,3718.8999999999987
Thu Mar 10 2022 11:45,BUY,3419.35,3418.3849999999998,3419.40375,0,299.5499999999988
Thu Mar 10 2022 11:30,SELLZERO,3415,3418.1875,3419.2037500000006,-1,3714.549999999999
Thu Mar 10 2022 10:00,BUY,3418.3,3412.0149999999994,3417.784999999999,0,296.24999999999864
Thu Mar 10 2022 09:45,SELLZERO,3410,3411.7625,3417.6087499999994,-1,3706.2499999999986
Thu Mar 10 2022 09:15,BUY,3411.85,3409.7575000000006,3416.49875,0,294.3999999999987
Wed Mar 09 2022 15:15,SELLZERO,3339,3406.2599999999998,3414.3737499999997,-1,3633.3999999999987
Wed Mar 09 2022 09:15,BUY,3342,3322.0824999999995,3356.842499999999,0,291.3999999999987
Tue Mar 08 2022 15:15,SELLZERO,3317.1,3321.2400000000002,3354.5837499999993,-1,3608.4999999999986
Tue Mar 08 2022 15:00,BUY,3327.95,3320.8875,3352.6037499999993,0,280.5499999999988
Tue Mar 08 2022 14:45,SELLZERO,3297,3318.8899999999994,3349.7637499999996,-1,3577.549999999999
Tue Mar 08 2022 10:15,BUY,3240.4,3233.75,3277.495,0,337.1499999999987
Tue Mar 08 2022 10:00,SELLZERO,3223.6,3228.5325,3274.71,-1,3560.7499999999986
Mon Mar 07 2022 15:15,BUY,3234.65,3219.755,3262.9674999999997,0,326.09999999999854
Mon Mar 07 2022 14:45,SELLZERO,3211.25,3219.6075000000005,3257.2037499999997,-1,3537.3499999999985
Mon Mar 07 2022 11:45,BUY,3219.5,3204.7525,3221.16875,0,317.84999999999854
Mon Mar 07 2022 11:30,SELLZERO,3193.4,3202.4024999999997,3218.0762499999996,-1,3511.2499999999986
Fri Mar 04 2022 15:15,BUY,3242.1,3185.6325,3201.5487500000004,0,269.1499999999987
Fri Mar 04 2022 13:30,BUYZERO,3278.5,3208.8774999999996,3207.5387500000006,1,-3009.3500000000013
Fri Mar 04 2022 11:15,SELL,3222,3238.925,3214.83875,0,212.64999999999873
Thu Mar 03 2022 15:15,BUYZERO,3297.1,3245.9224999999997,3223.855,1,-3084.450000000001
Wed Mar 02 2022 09:45,SELL,3401.45,3401.5875,3371.6,0,316.99999999999864
Mon Feb 28 2022 15:15,BUYZERO,3530.35,3409.1724999999997,3381.74375,1,-3213.3500000000013
Mon Feb 28 2022 10:45,SELL,3513.95,3515.4450000000006,3458.4275000000007,0,300.59999999999854
Fri Feb 25 2022 14:45,BUYZERO,3535.4,3509.562499999999,3479.6637499999997,1,-3234.8000000000015
Fri Feb 25 2022 10:15,SELL,3529,3533.7300000000005,3521.7912499999998,0,294.19999999999845
Thu Feb 24 2022 13:30,SELLZERO,3475,3512.94,3513.0500000000006,-1,3769.1999999999985
Thu Feb 24 2022 12:15,BUY,3506.7,3501.6200000000003,3512.8237500000005,0,262.49999999999864
Wed Feb 23 2022 15:00,BUYZERO,3578.5,3521.1475,3518.4924999999994,1,-3316.0000000000014
Wed Feb 23 2022 10:30,SELL,3606.8,3608.065,3559.5449999999996,0,290.7999999999988
Wed Feb 23 2022 10:15,BUYZERO,3616.7,3609.8849999999998,3562.96875,1,-3325.900000000001
Wed Feb 23 2022 09:30,SELL,3613,3613.585,3573.5862500000003,0,287.099999999999
Wed Feb 23 2022 09:15,BUYZERO,3628.85,3614.9300000000003,3576.74125,1,-3341.750000000001
Tue Feb 22 2022 15:15,SELL,3600.7,3614.3224999999998,3579.5325000000003,0,258.9499999999989
Tue Feb 22 2022 12:15,SELLZERO,3586,3592.8725000000004,3596.1212499999992,-1,3844.949999999999
Tue Feb 22 2022 09:15,BUY,3581.05,3572.065,3592.6399999999994,0,263.8999999999987
Mon Feb 21 2022 15:00,SELLZERO,3571.95,3572.0174999999995,3590.87875,-1,3835.8499999999985
Mon Feb 21 2022 14:45,BUY,3585.05,3573.4425,3589.9299999999994,0,250.79999999999836
Mon Feb 21 2022 12:45,BUYZERO,3630.85,3589.525,3589.0412500000007,1,-3380.0500000000015
Mon Feb 21 2022 09:45,SELL,3613.1,3618.05,3595.74625,0,233.04999999999836
Fri Feb 18 2022 15:15,BUYZERO,3632.15,3619.8799999999997,3599.7050000000004,1,-3399.1000000000017
Fri Feb 18 2022 14:15,SELL,3620,3621.6949999999997,3604.1575,0,220.89999999999827
Fri Feb 18 2022 14:00,BUYZERO,3628.7,3621.5875,3605.5562500000005,1,-3407.8000000000015
Fri Feb 18 2022 12:45,SELL,3613,3621.9600000000005,3612.18125,0,205.19999999999845
Fri Feb 18 2022 11:30,BUYZERO,3621.55,3621.1700000000005,3617.78625,1,-3416.3500000000017
Fri Feb 18 2022 11:15,SELL,3614.05,3621.0299999999997,3618.83875,0,197.69999999999845
Fri Feb 18 2022 10:15,SELLZERO,3594.6,3617.9075000000003,3618.89375,-1,3792.2999999999984
Thu Feb 17 2022 14:15,BUY,3612.85,3605.0950000000003,3613.6699999999996,0,179.44999999999845
Thu Feb 17 2022 11:30,BUYZERO,3637.1,3620.6699999999996,3619.2887500000006,1,-3457.6500000000015
Thu Feb 17 2022 09:45,SELL,3629,3637.0274999999992,3621.9524999999994,0,171.34999999999854
Wed Feb 16 2022 12:45,SELLZERO,3590,3616.4775,3618.5737499999996,-1,3761.3499999999985
Wed Feb 16 2022 10:30,BUY,3605,3593.6975000000007,3616.6437499999993,0,156.34999999999854
Tue Feb 15 2022 15:15,SELLZERO,3589.2,3598.0025,3612.8262500000005,-1,3745.5499999999984
Tue Feb 15 2022 13:00,BUY,3596.55,3594.1024999999995,3599.3649999999993,0,148.99999999999818
Tue Feb 15 2022 12:30,SELLZERO,3588.5,3594.425,3597.0575000000003,-1,3737.499999999998
Mon Feb 14 2022 13:00,BUY,3514.75,3510.8149999999996,3552.1687499999994,0,222.74999999999818
Mon Feb 14 2022 12:45,SELLZERO,3502.9,3506.9375,3549.828749999999,-1,3725.6499999999983
Mon Feb 14 2022 12:15,BUY,3533,3503.4375,3545.00875,0,192.64999999999827
Mon Feb 14 2022 11:00,SELLZERO,3497,3504.1175000000003,3533.8374999999987,-1,3689.6499999999983
Mon Feb 14 2022 10:30,BUY,3521.95,3506.5375,3529.9812499999994,0,167.69999999999845
Mon Feb 14 2022 10:00,SELLZERO,3504.2,3508.9075000000003,3526.1662500000007,-1,3671.8999999999983
Fri Feb 11 2022 15:15,BUY,3566.65,3513.7899999999995,3519.816249999999,0,105.24999999999818
Fri Feb 11 2022 14:45,BUYZERO,3562.7,3519.1,3518.83125,1,-3457.4500000000016
Fri Feb 11 2022 11:45,SELL,3538.2,3543.4075000000003,3524.9725,0,80.74999999999818
Fri Feb 11 2022 11:30,BUYZERO,3544.75,3544.6600000000008,3526.3925000000004,1,-3464.000000000002
Fri Feb 11 2022 11:00,SELL,3543,3548.975,3529.2737499999994,0,78.99999999999818
Thu Feb 10 2022 15:15,BUYZERO,3569.35,3543.7700000000004,3535.1487499999994,1,-3490.3500000000017
Thu Feb 10 2022 11:00,SELL,3560.5,3562.2799999999997,3554.4075000000003,0,70.14999999999827
Thu Feb 10 2022 10:30,BUYZERO,3571.8,3566.4025,3554.8362500000003,1,-3501.650000000002
Thu Feb 10 2022 10:15,SELL,3560.75,3565.9725,3554.8712499999992,0,59.09999999999809
Thu Feb 10 2022 10:00,BUYZERO,3575,3566.2225,3555.3049999999994,1,-3515.900000000002
Thu Feb 10 2022 09:45,SELL,3560,3566.2225,3555.0549999999994,0,44.09999999999809
Wed Feb 09 2022 12:45,SELLZERO,3545.8,3558.3700000000003,3558.6062499999994,-1,3589.8999999999983
Tue Feb 08 2022 10:15,BUY,3470.8,3465.000000000001,3500.8425,0,119.09999999999809
Mon Feb 07 2022 12:30,BUYZERO,3517,3479.88,3477.6037500000007,1,-3397.900000000002
Mon Feb 07 2022 09:45,SELL,3488.8,3495.7875,3482.9499999999985,0,90.89999999999827
Mon Feb 07 2022 09:30,BUYZERO,3510,3497.71,3484.1049999999987,1,-3419.1000000000017
Fri Feb 04 2022 11:15,SELL,3560,3563.5150000000003,3529.2287500000007,0,140.89999999999827
Fri Feb 04 2022 11:00,BUYZERO,3577.75,3567.9625,3531.875,1,-3436.8500000000017
Thu Feb 03 2022 11:30,SELL,3622,3623.0450000000005,3598.9637500000003,0,185.14999999999827
Thu Feb 03 2022 11:15,BUYZERO,3629,3624.9100000000008,3600.568750000001,1,-3443.8500000000017
Thu Feb 03 2022 10:45,SELL,3620.05,3628.06,3603.63,0,176.19999999999845
Wed Feb 02 2022 14:45,SELLZERO,3538,3599.3025000000002,3599.8075,-1,3714.1999999999985
Wed Feb 02 2022 12:30,BUY,3561.6,3559.6625,3592.28625,0,152.59999999999854
Tue Feb 01 2022 15:15,SELLZERO,3534.45,3563.5875,3573.8850000000007,-1,3687.0499999999984
Tue Feb 01 2022 12:30,BUY,3560.4,3554.6825000000003,3552.738749999999,0,126.64999999999827
Tue Feb 01 2022 12:15,BUYZERO,3568,3554.4000000000005,3552.5874999999987,1,-3441.3500000000017
Tue Feb 01 2022 12:00,SELL,3552.8,3553.2375000000006,3552.826249999999,0,111.44999999999845
Tue Feb 01 2022 11:15,SELLZERO,3545.05,3549.9625000000005,3554.271249999999,-1,3656.4999999999986
Tue Feb 01 2022 10:45,BUY,3557.95,3547.7400000000007,3555.1825,0,98.54999999999882
Tue Feb 01 2022 09:45,SELLZERO,3546.8,3549.7225000000008,3555.834999999999,-1,3645.349999999999
Tue Feb 01 2022 09:15,BUY,3563.4,3550.72,3556.312499999999,0,81.94999999999891
Mon Jan 31 2022 14:15,BUYZERO,3574.85,3558.002500000001,3557.3799999999997,1,-3492.900000000001
Mon Jan 31 2022 13:15,SELL,3559.1,3560.3100000000004,3556.773750000001,0,66.19999999999891
Mon Jan 31 2022 13:00,BUYZERO,3568.5,3561.0474999999997,3556.783750000001,1,-3502.300000000001
Mon Jan 31 2022 12:45,SELL,3551,3560.8774999999996,3556.171250000001,0,48.69999999999891
Mon Jan 31 2022 10:00,SELLZERO,3522,3551.6699999999996,3552.0225,-1,3570.699999999999
Fri Jan 28 2022 13:15,BUY,3522.65,3519.6449999999995,3539.96375,0,48.04999999999882
Fri Jan 28 2022 09:45,SELLZERO,3524.6,3530.750000000001,3531.81625,-1,3572.6499999999987
Thu Jan 27 2022 09:45,BUY,3452.85,3451.47,3491.69375,0,119.79999999999882
Thu Jan 27 2022 09:30,SELLZERO,3415.4,3445.7274999999995,3489.0125,-1,3535.199999999999
Tue Jan 25 2022 15:15,BUY,3469.1,3442.275,3484.41875,0,66.099999999999
Tue Jan 25 2022 13:30,SELLZERO,3441.1,3444.1450000000013,3469.05625,-1,3507.199999999999
Mon Jan 24 2022 13:30,BUY,3397.95,3397.5,3418.8312500000006,0,109.24999999999909
Mon Jan 24 2022 10:30,SELLZERO,3390,3391.452500000001,3405.9212499999994,-1,3499.249999999999
Mon Jan 24 2022 10:15,BUY,3405.85,3392.63,3404.7912499999998,0,93.39999999999918
Mon Jan 24 2022 10:00,SELLZERO,3382.4,3392.7525,3402.84125,-1,3475.7999999999993
Mon Jan 24 2022 09:15,BUY,3400,3395.9575000000004,3399.6649999999995,0,75.79999999999927
Fri Jan 21 2022 15:00,BUYZERO,3437,3402.2575000000006,3400.347499999999,1,-3361.2000000000007
Fri Jan 21 2022 14:45,SELL,3400.25,3402.3725000000004,3399.9362499999997,0,39.04999999999927
Fri Jan 21 2022 14:30,BUYZERO,3417.65,3403.3175,3400.032499999999,1,-3378.600000000001
Fri Jan 21 2022 11:00,SELL,3429.9,3437.2925000000005,3415.1087500000003,0,51.29999999999927
Thu Jan 20 2022 15:15,SELLZERO,3308.75,3404.7175,3405.5712499999995,-1,3360.0499999999993
Thu Jan 20 2022 12:15,BUY,3330.7,3324.3824999999997,3380.8375,0,29.349999999999454
Thu Jan 20 2022 11:45,SELLZERO,3319,3319.495,3377.1337499999995,-1,3348.3499999999995
Thu Jan 20 2022 11:30,BUY,3322.55,3317.6699999999996,3374.7024999999994,0,25.799999999999272
Wed Jan 19 2022 14:45,BUYZERO,3434.2,3365.8,3359.8362500000003,1,-3408.4000000000005
Wed Jan 19 2022 11:45,SELL,3428.85,3429.459999999999,3375.183750000001,0,20.449999999999363
Wed Jan 19 2022 11:15,BUYZERO,3436.25,3432.0049999999997,3381.0737500000005,1,-3415.8000000000006
Wed Jan 19 2022 10:45,SELL,3431.3,3432.962499999999,3387.4625000000005,0,15.499999999999545
Wed Jan 19 2022 10:30,BUYZERO,3434.3,3433.7249999999995,3390.6662499999998,1,-3418.8000000000006
Wed Jan 19 2022 09:30,SELL,3414.95,3433.7375,3402.663750000001,0,-3.8500000000008185
Wed Jan 19 2022 09:15,BUYZERO,3438.6,3433.9175000000005,3405.693750000001,1,-3442.4500000000007
Tue Jan 18 2022 15:15,SELL,3416.9,3432.8125,3408.0875,0,-25.550000000000637
Tue Jan 18 2022 14:15,BUYZERO,3439,3429.55,3417.65,1,-3464.5500000000006
Tue Jan 18 2022 11:45,SELL,3435,3436.1049999999996,3434.915,0,-29.550000000000637
Tue Jan 18 2022 11:30,BUYZERO,3442.6,3436.3849999999998,3435.0600000000004,1,-3472.1500000000005
Tue Jan 18 2022 11:00,SELL,3420.95,3435.315,3434.971250000001,0,-51.20000000000073
Tue Jan 18 2022 09:30,BUYZERO,3445.6,3440.035,3434.8175,1,-3496.8000000000006
Mon Jan 17 2022 11:00,SELL,3491.65,3503.2699999999995,3471.1600000000008,0,-5.150000000000546
Fri Jan 14 2022 13:45,SELLZERO,3437.8,3476.5225000000005,3477.6450000000004,-1,3432.6499999999996
Fri Jan 14 2022 11:00,BUY,3441.8,3441.6975000000007,3474.1050000000005,0,-9.150000000000546
Thu Jan 13 2022 14:00,SELLZERO,3444.5,3446.5274999999992,3453.1637499999997,-1,3435.3499999999995
Thu Jan 13 2022 12:30,BUY,3447.5,3446.6049999999996,3445.3562500000007,0,-12.150000000000546
Thu Jan 13 2022 12:00,BUYZERO,3453.6,3446.9649999999992,3443.006250000001,1,-3465.7500000000005
Thu Jan 13 2022 11:30,SELL,3447.2,3447.8849999999993,3442.877500000001,0,-18.550000000000637
Thu Jan 13 2022 11:00,BUYZERO,3455.95,3447.579999999999,3443.723750000001,1,-3474.5000000000005
Thu Jan 13 2022 10:00,SELL,3445.25,3447.319999999999,3445.683750000001,0,-29.250000000000455
Thu Jan 13 2022 09:45,BUYZERO,3452,3447.5649999999996,3446.1062500000007,1,-3481.2500000000005
Wed Jan 12 2022 15:15,SELL,3440.1,3449.1299999999997,3447.8287499999997,0,-41.150000000000546
Wed Jan 12 2022 13:15,SELLZERO,3432,3446.017499999999,3446.49125,-1,3390.8499999999995
Wed Jan 12 2022 11:30,BUY,3440,3437.5024999999996,3442.5774999999994,0,-49.150000000000546
Tue Jan 11 2022 13:45,SELLZERO,3436,3436.88,3439.6387499999996,-1,3386.8499999999995
Tue Jan 11 2022 13:30,BUY,3439.95,3437.9275000000002,3439.2387500000013,0,-53.100000000000364
Tue Jan 11 2022 13:15,SELLZERO,3438,3438.4524999999994,3438.8612500000004,-1,3384.8999999999996
Tue Jan 11 2022 11:30,BUY,3440.5,3436.345,3435.3774999999996,0,-55.600000000000364
Tue Jan 11 2022 10:30,BUYZERO,3436.9,3435.8,3434.9862499999995,1,-3492.5000000000005
Tue Jan 11 2022 10:15,SELL,3433.15,3435.62,3434.9725,0,-59.350000000000364
Tue Jan 11 2022 09:45,BUYZERO,3437.7,3435.3175,3435.0074999999997,1,-3497.05
Tue Jan 11 2022 09:30,SELL,3432.5,3435.1425000000004,3435.0199999999995,0,-64.55000000000018
Mon Jan 10 2022 14:45,SELLZERO,3433,3434.5924999999997,3436.2599999999998,-1,3368.45
Mon Jan 10 2022 13:45,BUY,3437,3433.9574999999995,3435.9474999999993,0,-68.55000000000018
Mon Jan 10 2022 13:15,SELLZERO,3431.95,3434.425,3435.685,-1,3363.3999999999996
Mon Jan 10 2022 13:00,BUY,3438.9,3434.6549999999997,3435.6524999999992,0,-75.50000000000045
Mon Jan 10 2022 11:45,SELLZERO,3432.45,3435.285,3435.5425000000005,-1,3356.9499999999994
Mon Jan 10 2022 11:30,BUY,3442.05,3435.7299999999996,3435.675,0,-85.10000000000082
Mon Jan 10 2022 11:15,BUYZERO,3437.5,3436.0800000000004,3435.63125,1,-3522.600000000001
Mon Jan 10 2022 10:00,SELL,3431.6,3437.2050000000004,3436.0724999999998,0,-91.00000000000091
Mon Jan 10 2022 09:45,BUYZERO,3445,3437.8050000000003,3436.1987499999996,1,-3536.000000000001
Mon Jan 10 2022 09:15,SELL,3423.9,3437.8324999999995,3435.8487499999997,0,-112.10000000000082
Fri Jan 07 2022 15:00,SELLZERO,3396.6,3433.8425,3433.9000000000005,-1,3284.499999999999
Fri Jan 07 2022 11:15,BUY,3400,3398.47,3417.8375,0,-115.50000000000091
Thu Jan 06 2022 14:30,SELLZERO,3388.9,3403.4449999999997,3410.3812499999995,-1,3273.399999999999
Thu Jan 06 2022 10:45,BUY,3390.4,3390.21,3394.3612499999995,0,-117.00000000000091
Thu Jan 06 2022 10:30,SELLZERO,3379.7,3388.0625,3394.1674999999996,-1,3262.699999999999
Tue Jan 04 2022 12:15,BUY,3310.8,3310.2774999999992,3328.8237499999996,0,-48.10000000000127
Tue Jan 04 2022 11:45,SELLZERO,3307,3307.2699999999995,3327.1762499999995,-1,3258.8999999999987
Tue Jan 04 2022 11:30,BUY,3307.1,3305.5200000000004,3325.8899999999994,0,-48.20000000000118
Tue Jan 04 2022 09:45,SELLZERO,3300.95,3303.1974999999998,3318.1012500000006,-1,3252.7499999999986
Mon Jan 03 2022 10:45,BUY,3283,3280.8175,3291.7100000000005,0,-30.250000000001364
Mon Jan 03 2022 10:30,SELLZERO,3272.15,3279.625,3291.1675000000005,-1,3241.8999999999987
Fri Dec 31 2021 13:00,BUY,3264.6,3263.2925,3274.1587499999996,0,-22.700000000001182
Fri Dec 31 2021 12:45,SELLZERO,3257,3262.3824999999997,3272.97,-1,3234.299999999999
Fri Dec 31 2021 11:00,BUY,3255.1,3254.37,3266.6637500000006,0,-20.80000000000109
Fri Dec 31 2021 10:45,SELLZERO,3243.6,3253.4075,3265.8787500000003,-1,3222.799999999999
Thu Dec 30 2021 11:00,BUY,3207.15,3206.39,3228.65,0,15.649999999998727
Thu Dec 30 2021 10:30,SELLZERO,3202,3204.225,3226.1949999999997,-1,3217.6499999999987
Thu Dec 30 2021 10:15,BUY,3204.65,3204.4175000000005,3225.0612499999997,0,12.999999999998636
Thu Dec 30 2021 10:00,SELLZERO,3199.95,3204.255,3223.8349999999996,-1,3212.9499999999985
Thu Dec 30 2021 09:45,BUY,3207.6,3204.585,3222.72625,0,5.349999999998545
Wed Dec 29 2021 13:45,BUYZERO,3223.95,3220.255,3219.5449999999996,1,-3218.6000000000013
Wed Dec 29 2021 13:30,SELL,3211,3220.745,3218.4424999999997,0,-7.600000000001273
Wed Dec 29 2021 11:15,SELLZERO,3162,3203.1875000000005,3203.7212499999996,-1,3154.3999999999987
Tue Dec 28 2021 15:15,BUY,3176.05,3171.6800000000003,3195.45125,0,-21.650000000001455
Tue Dec 28 2021 10:45,SELLZERO,3170,3177.6325000000006,3177.92875,-1,3148.3499999999985
Fri Dec 24 2021 15:15,BUY,3152.05,3145.2625,3154.95125,0,-3.700000000001637
Fri Dec 24 2021 11:15,BUYZERO,3159.9,3151.145,3149.9537499999997,1,-3163.6000000000017
Fri Dec 24 2021 11:00,SELL,3148.7,3151.9775,3149.7962499999994,0,-14.90000000000191
Fri Dec 24 2021 09:45,BUYZERO,3160.8,3152.8149999999996,3148.8912499999997,1,-3175.700000000002
Thu Dec 23 2021 12:15,SELL,3162,3163.0024999999996,3157.4899999999993,0,-13.700000000002092
Thu Dec 23 2021 12:00,BUYZERO,3167.65,3164.29,3158.578749999999,1,-3181.350000000002
Thu Dec 23 2021 11:30,SELL,3164.25,3166.7400000000002,3159.687499999999,0,-17.100000000002183
Thu Dec 23 2021 11:00,BUYZERO,3175,3168.4575,3160.636249999999,1,-3192.100000000002
Thu Dec 23 2021 10:15,SELL,3167.05,3168.5975000000003,3161.3837499999995,0,-25.050000000002
Thu Dec 23 2021 10:00,BUYZERO,3172.1,3168.125,3161.7949999999996,1,-3197.150000000002
Thu Dec 23 2021 09:15,SELL,3163.95,3169.1699999999996,3163.7412499999996,0,-33.20000000000209
Wed Dec 22 2021 14:00,SELLZERO,3149.3,3161.875,3161.9312500000005,-1,3116.099999999998
Wed Dec 22 2021 10:45,BUY,3150.95,3148.1749999999997,3158.7400000000007,0,-34.85000000000173
Wed Dec 22 2021 10:15,SELLZERO,3146.55,3148.5325000000003,3158.0474999999997,-1,3111.6999999999985
Wed Dec 22 2021 10:00,BUY,3159,3149.9425000000006,3157.7725,0,-47.300000000001546
Wed Dec 22 2021 09:15,SELLZERO,3150.7,3151.5550000000003,3157.1612499999997,-1,3103.3999999999983
Tue Dec 21 2021 13:00,BUY,3144,3142.065,3147.7512499999993,0,-40.60000000000173
Tue Dec 21 2021 11:15,SELLZERO,3140.35,3142.025,3145.9837500000003,-1,3099.749999999998
Mon Dec 20 2021 10:45,BUY,3071,3069.5675,3104.9575,0,28.74999999999818
Fri Dec 17 2021 14:15,BUYZERO,3211.45,3109.8075,3107.6275,1,-3182.7000000000016
Fri Dec 17 2021 10:45,SELL,3205.95,3206.9625,3139.63375,0,23.24999999999818
Fri Dec 17 2021 10:30,BUYZERO,3212,3210.4125,3142.95625,1,-3188.750000000002
Wed Dec 15 2021 12:30,SELL,3296,3298.435,3271.8312499999997,0,107.24999999999818
Wed Dec 15 2021 12:15,BUYZERO,3310.65,3300.2349999999997,3274.0387499999997,1,-3203.400000000002
Wed Dec 15 2021 10:45,SELL,3308.5,3309.3825000000006,3284.554999999999,0,105.09999999999809
Tue Dec 14 2021 13:30,SELLZERO,3288.75,3297.9225000000006,3299.0787499999997,-1,3393.849999999998
Tue Dec 14 2021 09:45,BUY,3288.35,3281.315,3293.2450000000003,0,105.49999999999818
Mon Dec 13 2021 13:15,BUYZERO,3307.25,3292.0724999999993,3291.345,1,-3201.750000000002
Fri Dec 10 2021 12:30,SELL,3347,3354.2300000000005,3332.13,0,145.24999999999818
Fri Dec 10 2021 10:45,BUYZERO,3360.7,3351.5074999999997,3341.2950000000005,1,-3215.4500000000016
Fri Dec 10 2021 10:15,SELL,3344.15,3351.3874999999994,3343.4487500000005,0,128.69999999999845
Fri Dec 10 2021 09:45,BUYZERO,3353,3351.5325,3345.3100000000004,1,-3224.3000000000015
Thu Dec 09 2021 15:15,SELL,3341,3351.2899999999995,3348.9612500000003,0,116.69999999999845
Thu Dec 09 2021 14:45,SELLZERO,3334.05,3349.2899999999995,3349.9225000000006,-1,3450.7499999999986
Wed Dec 08 2021 15:15,BUY,3332.05,3324.1275,3334.0674999999997,0,118.69999999999845
Wed Dec 08 2021 14:30,SELLZERO,3322,3324.5200000000013,3332.7712499999993,-1,3440.6999999999985
Wed Dec 08 2021 11:00,BUY,3315.95,3314.7475,3319.25875,0,124.74999999999864
Wed Dec 08 2021 10:45,SELLZERO,3310.95,3314.22,3319.03375,-1,3435.6999999999985
Wed Dec 08 2021 10:30,BUY,3316.65,3314.2024999999994,3318.9537499999997,0,119.04999999999836
Wed Dec 08 2021 10:15,SELLZERO,3310.35,3313.1174999999994,3318.6225,-1,3429.3999999999983
Wed Dec 08 2021 10:00,BUY,3313.1,3312.0975,3318.25,0,116.29999999999836
Tue Dec 07 2021 15:15,SELLZERO,3286.45,3309.7324999999996,3316.0787499999997,-1,3402.749999999998
Tue Dec 07 2021 12:30,BUY,3305.75,3303.0200000000004,3308.859999999999,0,96.99999999999818
Tue Dec 07 2021 11:30,SELLZERO,3298.6,3301.6025,3307.359999999999,-1,3395.599999999998
Mon Dec 06 2021 13:45,BUY,3280.2,3279.2299999999996,3291.125,0,115.39999999999827
Mon Dec 06 2021 13:30,SELLZERO,3277.5,3277.7574999999997,3290.1637499999997,-1,3392.8999999999983
Mon Dec 06 2021 13:15,BUY,3281.1,3276.015,3289.4175000000005,0,111.79999999999836
Fri Dec 03 2021 15:15,BUYZERO,3287.85,3284.5150000000003,3282.5112500000005,1,-3176.0500000000015
Fri Dec 03 2021 09:45,SELL,3315,3316.0025,3300.8412500000004,0,138.94999999999845
Fri Dec 03 2021 09:15,BUYZERO,3325,3318.5800000000004,3302.513750000001,1,-3186.0500000000015
Wed Dec 01 2021 15:15,SELL,3249.55,3316.0525000000002,3301.44,0,63.499999999998636
Wed Dec 01 2021 13:30,SELLZERO,3229,3292.852500000001,3294.184999999999,-1,3292.4999999999986
Wed Dec 01 2021 11:00,BUY,3257,3252.0649999999996,3284.0337499999996,0,35.499999999998636
Tue Nov 30 2021 15:15,SELLZERO,3240.3,3249.96,3275.4625,-1,3275.799999999999
Tue Nov 30 2021 14:45,BUY,3280.9,3252.4900000000002,3272.6712500000003,0,-5.100000000001273
Tue Nov 30 2021 13:15,BUYZERO,3285,3267.8325,3266.8962500000002,1,-3290.1000000000013
Mon Nov 29 2021 15:15,SELL,3298.2,3298.685,3279.9250000000006,0,8.099999999998545
Mon Nov 29 2021 14:45,BUYZERO,3302.95,3299.7574999999997,3282.9450000000006,1,-3294.8500000000013
Mon Nov 29 2021 14:30,SELL,3299,3300.4574999999995,3284.1450000000004,0,4.149999999998727
Mon Nov 29 2021 13:45,BUYZERO,3308.3,3302.2599999999998,3287.5862499999994,1,-3304.1500000000015
Mon Nov 29 2021 11:15,SELL,3310,3310.6700000000005,3302.9912500000005,0,5.849999999998545
Mon Nov 29 2021 10:00,BUYZERO,3313.25,3308.0225000000005,3303.4912500000005,1,-3307.4000000000015
Mon Nov 29 2021 09:45,SELL,3296.5,3307.7,3303.7287500000007,0,-10.900000000001455
Fri Nov 26 2021 15:15,BUYZERO,3334.6,3308.8875,3305.2,1,-3345.5000000000014
Fri Nov 26 2021 11:00,SELL,3350,3351.1925,3329.44625,0,4.499999999998636
Fri Nov 26 2021 10:15,BUYZERO,3361.55,3357.7200000000003,3333.30375,1,-3357.0500000000015
Tue Nov 23 2021 15:15,SELL,3434.85,3440.2525,3422.75125,0,77.79999999999836
Tue Nov 23 2021 14:45,BUYZERO,3441,3440.4850000000006,3424.8262499999996,1,-3363.2000000000016
Tue Nov 23 2021 14:30,SELL,3438,3440.315,3425.8524999999995,0,74.79999999999836
Tue Nov 23 2021 14:00,BUYZERO,3443,3440.3274999999994,3427.9800000000005,1,-3368.2000000000016
Tue Nov 23 2021 13:00,SELL,3438.05,3440.6349999999998,3432.3625,0,69.84999999999854
Tue Nov 23 2021 11:45,BUYZERO,3443.1,3440.16,3437.2162500000004,1,-3373.2500000000014
Tue Nov 23 2021 11:30,SELL,3435,3439.81,3437.9137500000006,0,61.749999999998636
Tue Nov 23 2021 10:45,SELLZERO,3423.85,3437.5474999999997,3438.5387500000006,-1,3485.5999999999985
Mon Nov 22 2021 15:15,BUY,3444.2,3431.625,3435.9762500000006,0,41.39999999999873
Mon Nov 22 2021 12:30,BUYZERO,3482.9,3441.0275,3440.3424999999997,1,-3441.5000000000014
Thu Nov 18 2021 11:30,SELL,3536.9,3538.5824999999995,3505.1600000000008,0,95.39999999999873
Thu Nov 18 2021 11:15,BUYZERO,3543,3540.5999999999995,3507.6349999999998,1,-3447.6000000000013
Thu Nov 18 2021 10:45,SELL,3539.7,3543.9149999999995,3512.9625000000005,0,92.09999999999854
Thu Nov 18 2021 10:15,BUYZERO,3545.6,3544.4700000000003,3517.7450000000003,1,-3453.5000000000014
Thu Nov 18 2021 10:00,SELL,3543,3544.21,3520.0275,0,89.49999999999864
Thu Nov 18 2021 09:45,BUYZERO,3554.05,3544.2200000000003,3522.4587500000002,1,-3464.5500000000015
Tue Nov 16 2021 14:45,SELL,3606.05,3606.5950000000003,3585.63125,0,141.49999999999864
Tue Nov 16 2021 14:30,BUYZERO,3612.15,3607.2049999999995,3587.2887500000006,1,-3470.6500000000015
Tue Nov 16 2021 12:30,SELL,3619.35,3621.755,3605.3700000000003,0,148.69999999999845
Tue Nov 16 2021 10:00,BUYZERO,3620.95,3618.94,3612.55875,1,-3472.2500000000014
Tue Nov 16 2021 09:45,SELL,3611.6,3619.2175,3612.906250000001,0,139.34999999999854
Mon Nov 15 2021 14:45,SELLZERO,3605,3613.535,3613.9600000000005,-1,3744.3499999999985
Mon Nov 15 2021 11:15,BUY,3600.15,3594.6549999999997,3606.797499999999,0,144.19999999999845
Fri Nov 12 2021 14:45,BUYZERO,3642.15,3607.2,3605.7337499999994,1,-3497.9500000000016
Fri Nov 12 2021 12:30,SELL,3622,3628.5175000000004,3611.5862500000003,0,124.04999999999836
Fri Nov 12 2021 11:45,BUYZERO,3633.3,3631.6424999999995,3613.1325000000006,1,-3509.250000000002
Thu Nov 11 2021 10:15,SELL,3732.85,3746.8775,3706.25125,0,223.5999999999981
Thu Nov 11 2021 09:45,BUYZERO,3748.2,3746.815,3711.6637500000006,1,-3524.6000000000017
Wed Nov 10 2021 14:30,SELL,3752.1,3752.6225000000004,3731.3737499999997,0,227.49999999999818
Wed Nov 10 2021 14:15,BUYZERO,3760,3753.1275,3734.5412499999998,1,-3532.500000000002
Wed Nov 10 2021 13:45,SELL,3753.25,3753.4399999999996,3739.2024999999994,0,220.74999999999818
Wed Nov 10 2021 13:30,BUYZERO,3755.15,3753.1549999999997,3741.62,1,-3534.400000000002
Wed Nov 10 2021 13:15,SELL,3750.05,3753.212499999999,3743.6687499999994,0,215.64999999999827
Wed Nov 10 2021 12:30,BUYZERO,3756.55,3753.6725000000006,3748.302499999999,1,-3540.900000000002
Wed Nov 10 2021 11:00,SELL,3756.05,3757.4425,3752.1287500000008,0,215.14999999999827
Wed Nov 10 2021 10:45,BUYZERO,3773.15,3758.3674999999994,3753.05,1,-3558.000000000002
Tue Nov 09 2021 09:15,SELL,3803,3815.8824999999997,3794.031250000001,0,244.99999999999818
Mon Nov 08 2021 12:30,SELLZERO,3782.7,3798.54,3800.343749999999,-1,4027.699999999998
Wed Nov 03 2021 12:15,BUY,3727.4,3721.6699999999996,3748.2374999999993,0,300.2999999999979
Tue Nov 02 2021 14:45,BUYZERO,3751.75,3737.3050000000003,3735.18625,1,-3451.450000000002
Tue Nov 02 2021 14:00,SELL,3738.6,3743.1975000000007,3733.7750000000005,0,287.1499999999978
Tue Nov 02 2021 13:30,BUYZERO,3749.45,3745.5199999999995,3733.5950000000003,1,-3462.300000000002
Tue Nov 02 2021 12:45,SELL,3743.55,3745.78,3732.4300000000003,0,281.2499999999982
Tue Nov 02 2021 12:30,BUYZERO,3750,3746.21,3732.155,1,-3468.750000000002
Tue Nov 02 2021 09:45,SELL,3752.3,3756.8849999999998,3747.095,0,283.54999999999836
Mon Nov 01 2021 13:30,SELLZERO,3724.5,3747.075,3747.0862499999994,-1,4008.0499999999984
Mon Nov 01 2021 09:45,BUY,3710.95,3709.8524999999995,3731.905,0,297.09999999999854
Mon Nov 01 2021 09:30,SELLZERO,3692.75,3708.4900000000002,3730.4800000000005,-1,3989.8499999999985
Fri Oct 29 2021 15:15,BUY,3707.25,3706.625,3728.287500000001,0,282.59999999999854
Fri Oct 29 2021 15:00,SELLZERO,3703.45,3705.5975,3727.12375,-1,3986.0499999999984
Fri Oct 29 2021 14:45,BUY,3710.6,3704.9025,3725.9887500000004,0,275.44999999999845
Fri Oct 29 2021 14:30,SELLZERO,3699.85,3703.755,3724.3687500000005,-1,3975.2999999999984
Fri Oct 29 2021 14:15,BUY,3711.65,3703.3125,3723.0475000000006,0,263.6499999999983
Fri Oct 29 2021 11:45,BUYZERO,3736.65,3716.15,3714.5024999999996,1,-3473.000000000002
Fri Oct 29 2021 10:15,SELL,3720,3725.7799999999997,3716.2024999999994,0,246.99999999999818
Fri Oct 29 2021 10:00,BUYZERO,3728.6,3727.0375,3716.3174999999997,1,-3481.6000000000017
Fri Oct 29 2021 09:45,SELL,3714.5,3727.2325000000005,3716.0674999999997,0,232.89999999999827
Thu Oct 28 2021 14:15,BUYZERO,3725,3723.5600000000004,3715.0862499999994,1,-3492.1000000000017
Wed Oct 27 2021 12:30,SELL,3790.65,3795.6925,3767.006250000001,0,298.54999999999836
Wed Oct 27 2021 11:45,BUYZERO,3800,3796.9424999999997,3773.8,1,-3501.4500000000016
Wed Oct 27 2021 10:45,SELL,3792.7,3796.21,3783.2687500000006,0,291.2499999999982
Wed Oct 27 2021 09:15,BUYZERO,3799.8,3795.3799999999997,3789.8424999999997,1,-3508.550000000002
Tue Oct 26 2021 15:15,SELL,3791.75,3794.4924999999994,3790.6799999999994,0,283.199999999998
Tue Oct 26 2021 14:45,BUYZERO,3797.95,3794.4674999999997,3792.46875,1,-3514.750000000002
Tue Oct 26 2021 14:15,SELL,3794,3794.4300000000003,3793.95,0,279.2499999999982
Tue Oct 26 2021 13:00,SELLZERO,3789.15,3795.019999999999,3795.9812500000007,-1,4068.3999999999983
Tue Oct 26 2021 10:00,BUY,3787.5,3787.4300000000003,3790.8224999999998,0,280.8999999999983
Tue Oct 26 2021 09:45,SELLZERO,3783.2,3786.6925,3790.5800000000004,-1,4064.099999999998
Mon Oct 25 2021 14:00,BUY,3776.65,3776.022499999999,3784.847499999999,0,287.449999999998
Mon Oct 25 2021 12:45,SELLZERO,3773.3,3774.835,3782.7637500000005,-1,4060.749999999998
Mon Oct 25 2021 11:45,BUY,3787.85,3773.935,3781.0487500000004,0,272.8999999999983
Mon Oct 25 2021 10:00,SELLZERO,3758.1,3777.2675000000004,3778.9662500000004,-1,4030.999999999998
Mon Oct 25 2021 09:30,BUY,3781,3777.0700000000006,3777.0512500000004,0,249.99999999999818
Mon Oct 25 2021 09:15,BUYZERO,3795.1,3778.175,3777.2000000000007,1,-3545.1000000000017
Fri Oct 22 2021 10:30,SELL,3868,3876.7525,3827.4637500000003,0,322.8999999999983
Fri Oct 22 2021 10:00,BUYZERO,3884.4,3877.975,3832.5199999999995,1,-3561.500000000002
Fri Oct 22 2021 09:15,SELL,3870.3,3880.9325,3840.258750000001,0,308.79999999999836
Thu Oct 21 2021 13:30,SELLZERO,3789.95,3842.85,3842.975,-1,4098.749999999998
Thu Oct 21 2021 12:45,BUY,3836.85,3836.590000000001,3846.165,0,261.8999999999983
Thu Oct 21 2021 12:15,SELLZERO,3830.5,3832.1349999999998,3850.202500000001,-1,4092.3999999999983
Thu Oct 21 2021 12:00,BUY,3836,3830.0474999999997,3851.577500000001,0,256.3999999999983
Wed Oct 20 2021 14:30,SELLZERO,3832,3837.2324999999996,3838.59,-1,4088.3999999999983
Wed Oct 20 2021 13:45,BUY,3840,3837.5049999999997,3836.127500000001,0,248.39999999999827
Wed Oct 20 2021 13:30,BUYZERO,3847.55,3838.3574999999996,3835.24625,1,-3599.150000000002
Tue Oct 19 2021 11:15,SELL,3913.3,3914.0200000000004,3886.1612499999987,0,314.1499999999983
Tue Oct 19 2021 10:45,BUYZERO,3917.65,3917.5724999999998,3890.082499999999,1,-3603.500000000002
Tue Oct 19 2021 10:15,SELL,3921,3921.0275,3894.588749999999,0,317.4999999999982
Tue Oct 19 2021 09:30,BUYZERO,3930.2,3920.6025,3899.7012500000005,1,-3612.7000000000016
Mon Oct 18 2021 15:15,SELL,3915,3921.4075,3903.033750000001,0,302.29999999999836
Mon Oct 18 2021 12:45,BUYZERO,3915.5,3914.6399999999994,3913.3224999999998,1,-3613.2000000000016
Mon Oct 18 2021 12:30,SELL,3910,3914.4749999999995,3914.2475,0,296.79999999999836
Mon Oct 18 2021 12:15,SELLZERO,3913,3914.415,3915.1500000000005,-1,4209.799999999998
Mon Oct 18 2021 11:30,BUY,3913.25,3912.9925000000003,3917.0099999999998,0,296.54999999999836
Mon Oct 18 2021 09:30,BUYZERO,3933.25,3921.16,3919.9299999999994,1,-3636.7000000000016
Thu Oct 14 2021 10:15,SELL,3976.1,3980.7200000000003,3953.621250000001,0,339.3999999999983
Thu Oct 14 2021 09:45,BUYZERO,3987,3981.7825000000003,3957.298750000001,1,-3647.6000000000017
Wed Oct 13 2021 15:15,SELL,3967.65,3983.872499999999,3962.7687500000006,0,320.04999999999836
Wed Oct 13 2021 13:30,BUYZERO,3984,3982.1799999999994,3972.7762500000003,1,-3663.9500000000016
Wed Oct 13 2021 13:15,SELL,3979.9,3981.5149999999985,3974.1137499999995,0,315.94999999999845
Wed Oct 13 2021 12:15,BUYZERO,3980.25,3977.8049999999994,3976.828749999999,1,-3664.3000000000015
Wed Oct 13 2021 09:30,SELL,3981.8,3989.065,3986.0149999999985,0,317.49999999999864
Wed Oct 13 2021 09:15,BUYZERO,3990.1,3989.9200000000005,3986.2624999999994,1,-3672.6000000000013
Tue Oct 12 2021 15:15,SELL,3978.75,3990.355000000001,3986.238749999999,0,306.1499999999987
Tue Oct 12 2021 12:30,SELLZERO,3923.2,3979.1949999999997,3979.2612500000005,-1,4229.3499999999985
Tue Oct 12 2021 11:15,BUY,3969.9,3963.2574999999997,3974.961250000001,0,259.44999999999845
Tue Oct 12 2021 09:15,SELLZERO,3925,3957.9725,3973.6225,-1,4184.449999999999
Fri Oct 08 2021 12:00,BUY,3835,3831.435,3848.6299999999997,0,349.4499999999989
Thu Oct 07 2021 15:00,SELLZERO,3825.7,3835.6475,3839.6475,-1,4175.149999999999
Thu Oct 07 2021 14:15,BUY,3840.85,3837.5625,3837.1875,0,334.2999999999988
Thu Oct 07 2021 14:00,BUYZERO,3841.45,3838.185,3836.6225000000004,1,-3507.150000000001
Thu Oct 07 2021 12:45,SELL,3839,3841.0025,3835.6387500000005,0,331.849999999999
Thu Oct 07 2021 12:15,BUYZERO,3842.5,3840.8224999999998,3834.7612500000005,1,-3510.650000000001
Thu Oct 07 2021 12:00,SELL,3840.6,3840.8450000000003,3834.3325000000004,0,329.9499999999989
Thu Oct 07 2021 11:45,BUYZERO,3844.6,3840.625,3833.9762500000006,1,-3514.650000000001
Thu Oct 07 2021 09:45,SELL,3838.35,3844.425,3840.5387500000006,0,323.6999999999989
Wed Oct 06 2021 15:00,SELLZERO,3772.6,3836.4849999999997,3837.9175000000005,-1,4096.299999999999
Wed Oct 06 2021 13:00,BUY,3826.5,3815.9775,3828.301249999999,0,269.7999999999993
Wed Oct 06 2021 09:30,BUYZERO,3871,3830.7799999999997,3829.9900000000002,1,-3601.2000000000007
Tue Oct 05 2021 12:00,SELL,3857.25,3862.325,3836.398750000001,0,256.0499999999993
Tue Oct 05 2021 09:45,BUYZERO,3859.35,3857.567500000001,3851.433750000001,1,-3603.3000000000006
Tue Oct 05 2021 09:30,SELL,3853.45,3857.357500000001,3853.03125,0,250.14999999999918
Mon Oct 04 2021 14:45,SELLZERO,3827.2,3851.2024999999994,3852.7525000000023,-1,4077.349999999999
Mon Oct 04 2021 12:30,BUY,3837,3836.5549999999994,3849.101250000001,0,240.349999999999
Mon Oct 04 2021 12:15,SELLZERO,3832.05,3835.7200000000003,3848.1975000000007,-1,4072.399999999999
Mon Oct 04 2021 12:00,BUY,3842,3835.2700000000004,3847.4725000000008,0,230.39999999999918
Fri Oct 01 2021 15:15,BUYZERO,3852.6,3847.6450000000004,3846.44625,1,-3622.2000000000007
Fri Oct 01 2021 13:45,SELL,3846.4,3854.8274999999994,3845.69125,0,224.19999999999936
Fri Oct 01 2021 10:00,SELLZERO,3819,3840.3275000000003,3844.734999999999,-1,4043.1999999999994
Fri Oct 01 2021 09:15,BUY,3866.55,3837.9900000000002,3845.547499999999,0,176.64999999999918
Thu Sep 30 2021 15:15,SELLZERO,3832.65,3836.8725,3845.614999999999,-1,4009.2999999999993
Thu Sep 30 2021 12:15,BUY,3834.5,3831.3550000000005,3837.777500000001,0,174.79999999999927
Thu Sep 30 2021 10:00,BUYZERO,3867,3836.875,3836.5150000000003,1,-3692.2000000000007
Wed Sep 29 2021 13:00,SELL,3877,3878.8324999999995,3854.9524999999994,0,184.79999999999927
Wed Sep 29 2021 10:15,BUYZERO,3887.95,3885.547499999999,3866.5812500000006,1,-3703.1500000000005
Wed Sep 29 2021 10:00,SELL,3879,3884.347499999999,3867.9162500000007,0,175.84999999999945
Tue Sep 28 2021 15:15,BUYZERO,3899.55,3878.22,3873.1312499999995,1,-3723.7000000000007
Tue Sep 28 2021 13:00,SELL,3886.8,3887.2225,3885.4524999999994,0,163.09999999999945
Tue Sep 28 2021 12:45,BUYZERO,3892.8,3888.027500000001,3886.382499999999,1,-3729.7000000000007
Tue Sep 28 2021 11:00,SELL,3891.1,3896.4125,3889.6712499999994,0,161.39999999999918
Tue Sep 28 2021 10:30,BUYZERO,3901,3899.720000000001,3889.093749999999,1,-3739.600000000001
Tue Sep 28 2021 10:15,SELL,3883.6,3898.9225000000006,3888.57125,0,143.9999999999991
Tue Sep 28 2021 10:00,BUYZERO,3917.8,3899.5250000000005,3889.14375,1,-3773.800000000001
Mon Sep 27 2021 14:30,SELL,3895.9,3904.44,3895.4112499999997,0,122.099999999999
Mon Sep 27 2021 14:00,BUYZERO,3913.85,3905.6675000000005,3896.847499999999,1,-3791.750000000001
Mon Sep 27 2021 13:15,SELL,3901,3908.0600000000004,3899.1999999999994,0,109.24999999999909
Mon Sep 27 2021 13:00,BUYZERO,3908,3907.9100000000008,3899.79375,1,-3798.750000000001
Mon Sep 27 2021 12:30,SELL,3904.5,3907.1425000000004,3901.1825,0,105.74999999999909
Mon Sep 27 2021 11:00,SELLZERO,3860.85,3896.9175000000005,3898.6449999999995,-1,3966.599999999999
Fri Sep 24 2021 12:15,BUY,3830.55,3824.4000000000005,3860.6587499999996,0,136.04999999999882
Fri Sep 24 2021 11:15,SELLZERO,3804.55,3817.8675000000003,3851.434999999999,-1,3940.599999999999
Fri Sep 24 2021 10:30,BUY,3823.5,3811.1775000000002,3845.1337499999995,0,117.099999999999
Fri Sep 24 2021 09:15,SELLZERO,3812.05,3814.5175000000004,3833.2637499999996,-1,3929.149999999999
Tue Sep 21 2021 10:30,BUY,3722.75,3717.125,3733.1750000000006,0,206.39999999999918
Tue Sep 21 2021 10:00,SELLZERO,3711.4,3715.8625,3731.4287500000005,-1,3917.7999999999993
Tue Sep 21 2021 09:45,BUY,3736.3,3716.3224999999998,3731.073750000001,0,181.4999999999991
Mon Sep 20 2021 14:00,BUYZERO,3786.55,3738.3850000000007,3735.96875,1,-3605.050000000001
Mon Sep 20 2021 10:00,SELL,3781,3786.1175000000003,3755.6062499999994,0,175.9499999999989
Fri Sep 17 2021 15:15,BUYZERO,3832,3784.675,3761.5299999999997,1,-3656.050000000001
Fri Sep 17 2021 10:15,SELL,3843,3845.4849999999997,3815.0800000000004,0,186.9499999999989
Thu Sep 16 2021 12:30,SELLZERO,3815,3828.7074999999995,3828.93375,-1,4001.949999999999
Thu Sep 16 2021 12:00,BUY,3826.7,3823.7249999999995,3831.47125,0,175.2499999999991
Thu Sep 16 2021 11:45,SELLZERO,3816.85,3821.505,3833.2200000000003,-1,3992.099999999999
Thu Sep 16 2021 10:45,BUY,3817.4,3817.3549999999996,3831.74125,0,174.6999999999989
Thu Sep 16 2021 09:15,SELLZERO,3800.85,3817.1,3828.8625,-1,3975.549999999999
Wed Sep 15 2021 11:45,BUY,3790.15,3790.024999999999,3803.3187499999995,0,185.39999999999873
Wed Sep 15 2021 11:00,SELLZERO,3781.2,3784.495,3801.249999999999,-1,3966.5999999999985
Wed Sep 15 2021 10:30,BUY,3785,3781.7525,3799.4262499999995,0,181.59999999999854
Wed Sep 15 2021 09:30,SELLZERO,3775,3783.475,3796.3925000000004,-1,3956.5999999999985
Tue Sep 14 2021 11:45,BUY,3763.75,3757.4425,3769.5975000000008,0,192.84999999999854
Tue Sep 14 2021 11:30,SELLZERO,3749.5,3755.5375,3768.8575000000005,-1,3942.3499999999985
Tue Sep 14 2021 10:30,BUY,3750,3749.122499999999,3766.309999999999,0,192.34999999999854
Tue Sep 14 2021 10:15,SELLZERO,3746.85,3748.7375,3765.3562499999994,-1,3939.1999999999985
Mon Sep 13 2021 09:45,BUY,3707.6,3695.7925000000005,3716.7337499999994,0,231.59999999999854
Thu Sep 09 2021 12:00,BUYZERO,3711,3701.5524999999993,3699.837499999999,1,-3479.4000000000015
Tue Sep 07 2021 10:45,SELL,3768.75,3769.4725,3751.4075,0,289.34999999999854
Tue Sep 07 2021 10:30,BUYZERO,3778.35,3770.8199999999997,3752.71625,1,-3489.0000000000014
Mon Sep 06 2021 14:45,SELL,3775,3776.5950000000003,3764.937499999999,0,285.99999999999864
Mon Sep 06 2021 14:15,BUYZERO,3779.6,3777.195000000001,3766.7599999999998,1,-3493.6000000000013
Mon Sep 06 2021 14:00,SELL,3775,3777.482500000001,3767.6575,0,281.3999999999987
Mon Sep 06 2021 13:45,BUYZERO,3779.2,3777.940000000001,3768.530000000001,1,-3497.800000000001
Fri Sep 03 2021 15:15,SELL,3764.25,3794.8524999999995,3786.1674999999996,0,266.4499999999989
Fri Sep 03 2021 13:00,SELLZERO,3768.2,3784.16,3784.345,-1,4034.6499999999987
Fri Sep 03 2021 11:30,BUY,3777,3775.934999999999,3782.0737500000005,0,257.6499999999987
Fri Sep 03 2021 09:45,SELLZERO,3775.1,3775.452500000001,3784.0225,-1,4032.7499999999986
Thu Sep 02 2021 11:15,BUY,3730,3729.4900000000007,3752.0412499999998,0,302.74999999999864
Wed Sep 01 2021 13:30,BUYZERO,3755.4,3742.399999999999,3742.39375,1,-3452.6500000000015
Tue Aug 31 2021 15:15,SELL,3727.85,3771.255,3755.4487499999996,0,275.19999999999845
Tue Aug 31 2021 12:45,SELLZERO,3720.15,3753.522499999999,3754.4675,-1,3995.3499999999985
Tue Aug 31 2021 10:00,BUY,3723.85,3722.8050000000003,3746.3012500000013,0,271.49999999999864
Tue Aug 31 2021 09:45,SELLZERO,3716.55,3722.3825000000006,3745.3300000000004,-1,3988.049999999999
Tue Aug 31 2021 09:15,BUY,3722.45,3721.5749999999994,3743.1225000000004,0,265.599999999999
Mon Aug 30 2021 15:15,SELLZERO,3720.4,3721.3524999999995,3741.8725000000004,-1,3985.999999999999
Mon Aug 30 2021 15:00,BUY,3721.4,3721.132499999999,3740.906250000001,0,264.599999999999
Mon Aug 30 2021 14:00,SELLZERO,3715,3722.0149999999994,3737.76875,-1,3979.599999999999
Mon Aug 30 2021 13:45,BUY,3724,3722.2100000000005,3736.56875,0,255.599999999999
Mon Aug 30 2021 13:30,SELLZERO,3718.25,3722.1275,3735.1274999999996,-1,3973.849999999999
Mon Aug 30 2021 13:15,BUY,3723,3722.3275000000003,3733.5550000000003,0,250.849999999999
Mon Aug 30 2021 12:00,SELLZERO,3720,3724.1500000000005,3725.53125,-1,3970.849999999999
Mon Aug 30 2021 11:45,BUY,3724.95,3724.4000000000005,3723.8912499999997,0,245.89999999999918
Mon Aug 30 2021 10:45,BUYZERO,3726.45,3725.675,3723.766249999999,1,-3480.5500000000006
Fri Aug 27 2021 15:15,SELL,3698,3726.0925,3724.053749999999,0,217.44999999999936
Fri Aug 27 2021 14:15,SELLZERO,3698,3721.0175000000004,3721.8549999999996,-1,3915.4499999999994
Fri Aug 27 2021 12:15,BUY,3714.55,3711.0475000000006,3718.0375,0,200.89999999999918
Fri Aug 27 2021 09:45,SELLZERO,3693.55,3711.8300000000004,3717.8375,-1,3894.4499999999994
Thu Aug 26 2021 10:00,BUY,3693.4,3690.8424999999997,3700.57125,0,201.04999999999927
Wed Aug 25 2021 15:15,SELLZERO,3688,3692.0824999999995,3700.6475,-1,3889.0499999999993
Wed Aug 25 2021 14:30,BUY,3692.5,3691.8475000000008,3698.9375,0,196.54999999999927
Wed Aug 25 2021 14:15,SELLZERO,3688.3,3691.7825,3698.0199999999995,-1,3884.8499999999995
Wed Aug 25 2021 13:45,BUY,3698.5,3692.16,3696.0225,0,186.34999999999945
Wed Aug 25 2021 12:45,BUYZERO,3699,3693.9775,3693.325,1,-3512.6500000000005
Tue Aug 24 2021 15:15,SELL,3714.75,3720.1950000000006,3705.9649999999992,0,202.09999999999945
Tue Aug 24 2021 11:15,SELLZERO,3681.5,3708.5625,3710.6662500000007,-1,3883.5999999999995
Mon Aug 23 2021 14:15,BUY,3712.7,3681.185,3702.5899999999992,0,170.89999999999964
Mon Aug 23 2021 11:45,BUYZERO,3729.35,3700.81,3700.35,1,-3558.4500000000003
Mon Aug 23 2021 09:45,SELL,3712.25,3724.405,3703.7525,0,153.79999999999973
Mon Aug 23 2021 09:15,BUYZERO,3751.85,3729.350000000001,3705.2675000000004,1,-3598.05
Wed Aug 18 2021 11:00,SELL,3830.05,3832.185,3805.7874999999985,0,232
Tue Aug 17 2021 14:00,SELLZERO,3799,3816.2524999999996,3816.547499999999,-1,4031
Mon Aug 16 2021 12:15,BUY,3757.6,3754.8950000000004,3768.3587500000003,0,273.4000000000001
Mon Aug 16 2021 12:00,SELLZERO,3750,3754.0725000000007,3766.8900000000003,-1,4023.4
Mon Aug 16 2021 11:45,BUY,3759,3753.6800000000003,3766.2125,0,264.4000000000001
Mon Aug 16 2021 09:15,BUYZERO,3786.9,3760.6775000000002,3759.7737499999994,1,-3522.5
Fri Aug 13 2021 10:45,SELL,3833,3836.5975,3797.641249999999,0,310.5
Thu Aug 12 2021 13:45,SELLZERO,3767.35,3807.4375,3808.7012499999996,-1,4077.85
Thu Aug 12 2021 10:00,BUY,3769.55,3765.6325000000006,3795.9337499999992,0,308.2999999999997
Thu Aug 12 2021 09:45,SELLZERO,3754.8,3765.1074999999996,3793.8799999999987,-1,4063.1
Wed Aug 11 2021 09:45,BUY,3736.3,3715.542500000001,3736.8649999999993,0,326.7999999999997
Tue Aug 10 2021 14:00,BUYZERO,3803.2,3744.8174999999997,3742.3225000000007,1,-3476.4
Fri Aug 06 2021 15:15,SELL,3847.85,3874.5150000000003,3859.7237499999997,0,371.4499999999998
Fri Aug 06 2021 12:30,SELLZERO,3812.65,3855.4,3857.7012499999996,-1,4184.1
Fri Aug 06 2021 09:45,BUY,3826.45,3819.41,3846.845,0,357.65000000000055
Fri Aug 06 2021 09:15,SELLZERO,3810.25,3815.2125,3844.03,-1,4167.900000000001
Thu Aug 05 2021 15:15,BUY,3818.75,3814.8550000000005,3842.500000000001,0,349.15000000000055
Thu Aug 05 2021 11:45,BUYZERO,3830.4,3827.819999999999,3825.8650000000002,1,-3481.2499999999995
Thu Aug 05 2021 09:30,SELL,3824.5,3837.6475,3825.6762499999995,0,343.25000000000045
Wed Aug 04 2021 12:00,SELLZERO,3820.25,3830.6100000000006,3830.8524999999995,-1,4163.5
Wed Aug 04 2021 11:15,BUY,3828.05,3827.2325000000005,3831.6674999999996,0,335.4499999999998
Tue Aug 03 2021 15:15,SELLZERO,3828.2,3829.252500000001,3831.9575000000004,-1,4163.65
Tue Aug 03 2021 10:30,BUY,3819.5,3816.9775,3823.0899999999992,0,344.14999999999964
Mon Aug 02 2021 11:45,BUYZERO,3838.95,3828.2324999999996,3822.6050000000005,1,-3494.8
Fri Jul 30 2021 15:15,SELL,3829.6,3835.4275000000002,3829.6087500000003,0,334.7999999999997
Fri Jul 30 2021 14:30,BUYZERO,3843,3836.969999999999,3831.2937499999994,1,-3508.2000000000003
Fri Jul 30 2021 13:00,SELL,3840.05,3842.6350000000007,3835.4337499999992,0,331.8499999999999
Fri Jul 30 2021 12:45,BUYZERO,3844.85,3842.8025000000007,3835.9075,1,-3513
Fri Jul 30 2021 12:15,SELL,3839.05,3842.7000000000007,3837.062499999999,0,326.0500000000002
Fri Jul 30 2021 12:00,BUYZERO,3847.95,3842.8125,3837.83125,1,-3521.8999999999996
Fri Jul 30 2021 11:30,SELL,3825.1,3841.66,3838.1049999999996,0,303.2000000000003
Fri Jul 30 2021 10:45,BUYZERO,3845.8,3839.505,3837.3962500000002,1,-3542.6
Fri Jul 30 2021 10:30,SELL,3815.05,3837.5100000000007,3836.7725,0,272.4500000000003
Fri Jul 30 2021 10:00,SELLZERO,3775.1,3833.6200000000003,3834.48125,-1,4047.55
Thu Jul 29 2021 13:15,BUY,3800.05,3798.405,3820.608750000001,0,247.5
Thu Jul 29 2021 12:45,SELLZERO,3793,3794.6174999999994,3818.1387500000005,-1,4040.5
Thu Jul 29 2021 12:15,BUY,3792.4,3791.3849999999998,3815.325,0,248.0999999999999
Thu Jul 29 2021 12:00,SELLZERO,3785.5,3788.37,3813.9375,-1,4033.6
Thu Jul 29 2021 11:45,BUY,3789.9,3787.1124999999993,3812.31125,0,243.69999999999982
Thu Jul 29 2021 09:15,SELLZERO,3794.75,3794.88,3801.159999999999,-1,4038.45
Wed Jul 28 2021 15:15,BUY,3818.5,3795.9550000000004,3800.501249999999,0,219.94999999999982
Wed Jul 28 2021 14:30,BUYZERO,3818.35,3798.7350000000015,3798.5700000000006,1,-3598.4
Wed Jul 28 2021 12:30,SELL,3800.6,3804.815,3795.8887500000005,0,202.19999999999982
Wed Jul 28 2021 12:15,BUYZERO,3806,3805.352500000001,3796.590000000001,1,-3603.8
Wed Jul 28 2021 12:00,SELL,3803.95,3805.8725,3797.0637500000003,0,200.14999999999964
Wed Jul 28 2021 09:30,BUYZERO,3802.05,3800.1800000000003,3799.457499999999,1,-3601.9000000000005
Mon Jul 26 2021 15:15,SELL,3836.35,3841.7850000000008,3823.6725000000015,0,234.44999999999936
Mon Jul 26 2021 13:15,BUYZERO,3848.3,3846.5100000000007,3832.2262500000006,1,-3613.850000000001
Mon Jul 26 2021 09:30,SELL,3848.6,3848.91,3846.3312500000006,0,234.7499999999991
Fri Jul 23 2021 14:45,BUYZERO,3857.95,3849.5474999999997,3847.996250000001,1,-3623.2000000000007
Fri Jul 23 2021 12:15,SELL,3847.35,3852.8950000000013,3849.5787500000015,0,224.14999999999918
Fri Jul 23 2021 12:00,BUYZERO,3857.9,3853.29,3849.758750000001,1,-3633.750000000001
Fri Jul 23 2021 11:45,SELL,3844.85,3853.065,3849.6975000000007,0,211.099999999999
Fri Jul 23 2021 10:45,BUYZERO,3855,3851.825,3850.3674999999994,1,-3643.900000000001
Thu Jul 22 2021 15:15,SELL,3853.2,3858.1275,3855.0387499999997,0,209.29999999999882
Thu Jul 22 2021 14:45,BUYZERO,3863.8,3858.3825000000006,3855.4800000000005,1,-3654.5000000000014
Thu Jul 22 2021 14:30,SELL,3845.95,3857.8325000000004,3855.4287500000005,0,191.44999999999845
Thu Jul 22 2021 14:15,BUYZERO,3875,3858.7074999999995,3855.930000000001,1,-3683.5500000000015
Thu Jul 22 2021 10:45,SELL,3921.2,3925.3350000000005,3891.433750000001,0,237.64999999999827
Thu Jul 22 2021 10:30,BUYZERO,3928.75,3927.3599999999997,3893.027500000001,1,-3691.1000000000017
Thu Jul 22 2021 10:15,SELL,3927.4,3931.0699999999997,3894.598750000001,0,236.29999999999836
Tue Jul 20 2021 13:45,BUYZERO,3924.45,3923.0800000000004,3911.242500000001,1,-3688.1500000000015
Tue Jul 20 2021 13:30,SELL,3915.05,3919.9600000000005,3913.155,0,226.89999999999873
Tue Jul 20 2021 12:45,SELLZERO,3912,3916.6699999999996,3916.991249999999,-1,4138.899999999999
Tue Jul 20 2021 10:00,BUY,3915.95,3907.859999999999,3922.21625,0,222.9499999999989
Tue Jul 20 2021 09:15,SELLZERO,3902,3907.7175,3918.00625,-1,4124.949999999999
Mon Jul 19 2021 12:45,BUY,3895.05,3892.8250000000007,3901.6449999999995,0,229.89999999999873
Mon Jul 19 2021 09:30,SELLZERO,3884.9,3900.2374999999993,3900.2962500000003,-1,4114.799999999999
Fri Jul 16 2021 15:15,BUY,3931.95,3904.1299999999997,3900.50875,0,182.84999999999945
Fri Jul 16 2021 15:00,BUYZERO,3931.55,3906.4575000000004,3900.9987499999997,1,-3748.7000000000007
Thu Jul 15 2021 13:30,SELL,3939.95,3941.8525,3934.3687500000005,0,191.2499999999991
Thu Jul 15 2021 13:00,BUYZERO,3942.9,3942.8599999999997,3934.9225000000006,1,-3751.650000000001
Thu Jul 15 2021 12:45,SELL,3938,3942.995,3935.6575,0,186.349999999999
Thu Jul 15 2021 11:15,BUYZERO,3944.05,3941.7725000000005,3939.7599999999998,1,-3757.700000000001
Wed Jul 14 2021 09:30,SELL,3973.2,3973.8625,3960.1112500000004,0,215.49999999999864
Tue Jul 13 2021 13:15,BUYZERO,3983.4,3975.374999999999,3966.68875,1,-3767.9000000000015
Tue Jul 13 2021 09:45,SELL,3983,3990.9049999999997,3982.875,0,215.09999999999854
Mon Jul 12 2021 13:30,BUYZERO,3982.25,3982.0775000000003,3980.4562499999993,1,-3767.1500000000015
Fri Jul 09 2021 15:15,SELL,3995.9,3997.1799999999994,3990.6799999999994,0,228.74999999999864
Fri Jul 09 2021 14:45,BUYZERO,3999.6,3998.9775,3990.5275,1,-3770.8500000000013
Fri Jul 09 2021 14:15,SELL,4000,4000.8825000000006,3990.4837500000003,0,229.14999999999873
Fri Jul 09 2021 14:00,BUYZERO,4002,4001.3849999999998,3990.66,1,-3772.8500000000013
Fri Jul 09 2021 13:45,SELL,4000,4001.7149999999992,3990.8475,0,227.14999999999873
Fri Jul 09 2021 12:00,BUYZERO,4004,4002.9125,3991.1450000000004,1,-3776.8500000000013
Fri Jul 09 2021 11:45,SELL,3999.6,4002.875,3991.7137500000003,0,222.74999999999864
Fri Jul 09 2021 11:30,BUYZERO,4009.95,4002.6699999999996,3993.05875,1,-3787.200000000001
Thu Jul 08 2021 09:15,SELL,4086,4091.0225,4063.38375,0,298.7999999999988
Wed Jul 07 2021 15:15,BUYZERO,4188.25,4096.24,4068.11625,1,-3889.450000000001
Tue Jul 06 2021 12:00,SELL,4201.3,4209.66,4193.486249999999,0,311.849999999999
Tue Jul 06 2021 09:15,BUYZERO,4206.4,4204.632500000001,4197.8025,1,-3894.5500000000006
Mon Jul 05 2021 15:15,SELL,4201.5,4203.557500000001,4198.34375,0,306.94999999999936
Mon Jul 05 2021 14:45,BUYZERO,4205,4201.8225,4199.501249999999,1,-3898.0500000000006
Mon Jul 05 2021 11:30,SELL,4198.05,4200.492499999999,4203.72125,0,299.99999999999955
Mon Jul 05 2021 11:15,SELLZERO,4196.9,4200.844999999999,4203.80375,-1,4496.9
Mon Jul 05 2021 11:00,BUY,4219.85,4202.6875,4204.05125,0,277.0499999999993
Mon Jul 05 2021 10:30,BUYZERO,4232.2,4205.6975,4205.165,1,-3955.1500000000005
Fri Jul 02 2021 15:15,SELL,4175.35,4212.5375,4205.264999999999,0,220.19999999999982
Fri Jul 02 2021 12:15,SELLZERO,4187.7,4200.2775,4201.482500000001,-1,4407.9
Fri Jul 02 2021 10:45,BUY,4187.25,4185.1050000000005,4198.96625,0,220.64999999999964
Fri Jul 02 2021 09:30,SELLZERO,4186,4188.1625,4198.7275,-1,4406.65
Fri Jul 02 2021 09:15,BUY,4198.6,4188.95,4198.6925,0,208.04999999999927
Thu Jul 01 2021 13:15,BUYZERO,4225,4201.5925,4199.705,1,-4016.9500000000007
Thu Jul 01 2021 11:00,SELL,4213,4215.6050000000005,4201.8025,0,196.04999999999927
Thu Jul 01 2021 09:30,BUYZERO,4221.7,4217.8425,4205.532499999999,1,-4025.6500000000005
Wed Jun 30 2021 15:15,SELL,4133.85,4214.730000000001,4205.753750000001,0,108.19999999999982
Wed Jun 30 2021 14:15,SELLZERO,4158.8,4200.66,4202.05375,-1,4267
Wed Jun 30 2021 10:15,BUY,4142.5,4137.485,4176.1075,0,124.5
Tue Jun 29 2021 15:15,SELLZERO,4124.65,4136.4974999999995,4166.4349999999995,-1,4249.15
Tue Jun 29 2021 13:30,BUY,4136.35,4135.015000000001,4149.879999999999,0,112.79999999999927
Tue Jun 29 2021 13:15,SELLZERO,4131.6,4134.935,4147.98,-1,4244.4
Tue Jun 29 2021 12:45,BUY,4143,4135.6325000000015,4144.612499999999,0,101.39999999999964
Tue Jun 29 2021 12:30,SELLZERO,4125,4135.050000000001,4142.48125,-1,4226.4
Tue Jun 29 2021 11:15,BUY,4134.95,4132.5375,4135.3462500000005,0,91.44999999999982
Tue Jun 29 2021 11:00,SELLZERO,4125.05,4131.1449999999995,4134.6587500000005,-1,4216.5
Tue Jun 29 2021 10:45,BUY,4137,4130.3425,4134.27375,0,79.5
Tue Jun 29 2021 09:15,BUYZERO,4168.5,4136.032499999999,4135.22125,1,-4089
Thu Jun 24 2021 14:00,SELL,4216.9,4217.11,4205.31375,0,127.89999999999964
Thu Jun 24 2021 13:30,BUYZERO,4218.15,4217.7074999999995,4206.90875,1,-4090.25
Thu Jun 24 2021 13:15,SELL,4215.85,4217.554999999999,4207.7775,0,125.60000000000036
Thu Jun 24 2021 12:30,BUYZERO,4219.2,4217.6325,4209.703750000001,1,-4093.5999999999995
Thu Jun 24 2021 12:15,SELL,4211,4217.545,4210.250000000001,0,117.40000000000055
Thu Jun 24 2021 10:15,SELLZERO,4200.25,4211.814999999999,4212.072499999999,-1,4317.650000000001
Wed Jun 23 2021 14:45,BUY,4206.4,4203.860000000001,4210.78375,0,111.25000000000091
Wed Jun 23 2021 12:15,BUYZERO,4250.45,4216.3375,4216.053750000001,1,-4139.199999999999
Wed Jun 23 2021 10:00,SELL,4234.65,4237.8899999999985,4221.168750000001,0,95.45000000000073
Wed Jun 23 2021 09:45,BUYZERO,4240,4239.569999999999,4221.715000000001,1,-4144.549999999999
Wed Jun 23 2021 09:30,SELL,4239.35,4241.125,4222.302500000002,0,94.80000000000109
Tue Jun 22 2021 12:45,SELLZERO,4188.3,4222.465,4222.881249999999,-1,4283.100000000001
Tue Jun 22 2021 11:45,BUY,4213,4211.2925000000005,4222.615,0,70.10000000000127
Tue Jun 22 2021 11:30,SELLZERO,4206.35,4209.760000000001,4222.808749999999,-1,4276.450000000002
Tue Jun 22 2021 11:00,BUY,4210.85,4206.952500000001,4223.26125,0,65.60000000000127
Tue Jun 22 2021 10:00,SELLZERO,4197.95,4203.2525000000005,4222.295000000002,-1,4263.550000000001
Mon Jun 21 2021 12:45,BUY,4192.8,4189.785000000001,4199.7725,0,70.75000000000091
Mon Jun 21 2021 12:30,SELLZERO,4176.75,4188.240000000001,4198.324999999999,-1,4247.500000000001
Mon Jun 21 2021 11:00,BUY,4193.6,4179.9225,4190.9037499999995,0,53.900000000000546
Mon Jun 21 2021 10:45,SELLZERO,4177.95,4179.070000000001,4190.201249999999,-1,4231.85
Fri Jun 18 2021 15:00,BUY,4175.1,4168.757500000001,4181.003750000002,0,56.75
Fri Jun 18 2021 14:45,SELLZERO,4121.8,4165.9625,4179.46625,-1,4178.55
Thu Jun 17 2021 13:15,BUY,4073.8,4072.5075000000006,4101.80625,0,104.75
Wed Jun 16 2021 15:15,BUYZERO,4110.45,4083.4975,4081.0475000000006,1,-4005.7
Wed Jun 16 2021 10:45,SELL,4107,4116.6325,4097.56125,0,101.30000000000018
Wed Jun 16 2021 09:30,BUYZERO,4120.25,4119.01,4104.3375,1,-4018.95
Wed Jun 16 2021 09:15,SELL,4116.5,4118.335,4105.12375,0,97.55000000000018
Tue Jun 15 2021 15:15,BUYZERO,4138.1,4119.04,4106.37375,1,-4040.55
Mon Jun 14 2021 14:30,SELL,4144.3,4145.855,4136.652499999999,0,103.75
Mon Jun 14 2021 14:15,BUYZERO,4146.3,4146.17,4137.263749999999,1,-4042.55
Mon Jun 14 2021 14:00,SELL,4141.55,4146.17,4137.802499999999,0,99
Mon Jun 14 2021 13:15,BUYZERO,4148.4,4146.382500000001,4139.849999999999,1,-4049.3999999999996
Mon Jun 14 2021 13:00,SELL,4138,4146.132500000001,4140.446249999999,0,88.60000000000036
Mon Jun 14 2021 12:45,BUYZERO,4147.55,4146.26,4141.3187499999985,1,-4058.95
Mon Jun 14 2021 12:30,SELL,4146,4146.26,4142.038749999999,0,87.05000000000018
Mon Jun 14 2021 12:00,BUYZERO,4149.45,4146.290000000001,4143.4675,1,-4062.3999999999996
Mon Jun 14 2021 11:45,SELL,4146,4146.18,4144.205,0,83.60000000000036
Mon Jun 14 2021 11:30,BUYZERO,4151.55,4146.4975,4144.54125,1,-4067.95
Mon Jun 14 2021 11:15,SELL,4145.15,4146.3550000000005,4144.75625,0,77.19999999999982
Mon Jun 14 2021 11:00,BUYZERO,4147.8,4146.370000000001,4144.949999999999,1,-4070.6000000000004
Mon Jun 14 2021 10:45,SELL,4145,4146.2699999999995,4145.012499999999,0,74.39999999999964
Mon Jun 14 2021 10:30,BUYZERO,4147.75,4145.742499999999,4145.156249999999,1,-4073.3500000000004
Mon Jun 14 2021 10:15,SELL,4141.25,4145.4800000000005,4145.262499999999,0,67.89999999999964
Mon Jun 14 2021 09:45,BUYZERO,4155,4145.960000000001,4145.888749999999,1,-4087.1000000000004
Mon Jun 14 2021 09:30,SELL,4136.8,4145.585,4145.719999999999,0,49.69999999999982
Fri Jun 11 2021 15:15,BUYZERO,4172.5,4147.475,4146.8225,1,-4122.8
Fri Jun 11 2021 09:15,SELL,4192.4,4194.575,4174.562499999999,0,69.59999999999945
Thu Jun 10 2021 12:00,SELLZERO,4179.25,4183.92,4184.8462500000005,-1,4248.849999999999
Thu Jun 10 2021 11:15,BUY,4184.6,4179.89,4185.879999999999,0,64.24999999999909
Thu Jun 10 2021 09:45,SELLZERO,4176.45,4178.2275,4186.06375,-1,4240.699999999999
Thu Jun 10 2021 09:30,BUY,4196.8,4179.2074999999995,4186.2837500000005,0,43.89999999999873
Wed Jun 09 2021 14:30,BUYZERO,4206.25,4188.705,4188.554999999999,1,-4162.350000000001
Wed Jun 09 2021 10:00,SELL,4235.25,4235.6625,4210.4749999999985,0,72.89999999999873
Wed Jun 09 2021 09:15,BUYZERO,4259.6,4239.8825000000015,4215.537499999999,1,-4186.700000000002
Tue Jun 08 2021 11:15,SELL,4259,4260.98,4248.321250000001,0,72.29999999999836
Tue Jun 08 2021 11:00,BUYZERO,4268.5,4262.687499999999,4249.780000000001,1,-4196.200000000002
Tue Jun 08 2021 10:30,SELL,4255,4264.6275,4252.255000000001,0,58.79999999999836
Tue Jun 08 2021 09:30,BUYZERO,4263,4262.775,4254.83,1,-4204.200000000002
Tue Jun 08 2021 09:15,SELL,4260,4262.575,4255.932499999999,0,55.79999999999836
Mon Jun 07 2021 13:30,BUYZERO,4265.65,4258.6224999999995,4257.796249999999,1,-4209.850000000001
Mon Jun 07 2021 12:45,SELL,4252.45,4258.014999999999,4258.9037499999995,0,42.599999999998545
Mon Jun 07 2021 12:30,SELLZERO,4253.15,4257.7225,4259.35125,-1,4295.749999999998
Mon Jun 07 2021 12:00,BUY,4258.05,4256.575,4260.7162499999995,0,37.699999999998
Mon Jun 07 2021 11:45,SELLZERO,4254.4,4256.545,4260.5862499999985,-1,4292.099999999998
Mon Jun 07 2021 11:30,BUY,4265.35,4256.8975,4260.4725,0,26.74999999999727
Mon Jun 07 2021 11:00,SELLZERO,4256.35,4257.5375,4260.19625,-1,4283.099999999998
Mon Jun 07 2021 10:45,BUY,4259.95,4257.385,4260.08,0,23.149999999997817
Mon Jun 07 2021 09:45,BUYZERO,4270.6,4260.445000000001,4260.4400000000005,1,-4247.450000000003